__utt_id,presence_yn,notes_optional,text_pl,text_en,context_pl,context_en
MZ_SSH_03:543,,,"One jakby powinny być ten po lewej,  ten po prawej, żeby było zgodne z takim myśleniem, że jest po lewej, a po prawej jest to drugie, w każdym razie.","They should kind of be — this one on the left, that one on the right — to be consistent with thinking that the first is on the left and the second on the right, anyway.","P: No i jeszcze się dowiedziałam, że bardzo duża skuteczność, wyszło prawie idealne. || P: Histogramy i wykresy pudełkowe. || P: Zinterpretuj wykres pudełkowy dla wysokości trzonu i histogram dla szerokości trzonu. || P: Tutaj jest tak, że na pytaniu mam, „a” jako wykres pudełkowy, a „b” jako histogram. || P: One jakby powinny być ten po lewej,  ten po prawej, żeby było zgodne z takim myśleniem, że jest po lewej, a po prawej jest to drugie, w każdym razie. || P: No dobra, najpierw się zajmę pudełkowym, bo jest to „a”. || P: Wykres pudełkowy dla średnica kapelusza. || P: To. || P: Ogólnie chyba z tego co wiem.","P: And I also found out it has very high effectiveness, it came out almost perfect. || P: Histograms and box plots. || P: Interpret the box plot for stipe height and the histogram for stipe width. || P: Here it's that in the question I have 'a' as the box plot and 'b' as the histogram. || P: They should kind of be — this one on the left, that one on the right — to be consistent with thinking that the first is on the left and the second on the right, anyway. || P: OK, first I'll deal with the box plot, because it's 'a.' || P: Box plot for cap diameter. || P: This. || P: Generally, I think, from what I know."
PK_DE_04:162,,,"Tak!! i tu jest, to jest tutaj całkowicie właśnie tą… Istnieją przypadki, kiedy cecha jednostkowa, pojedyncza definiuje gatunek. I wystarczyłoby czasami: okej, to śmierdzi czosnkiem, to wiadomo, że możesz to zjeść, bo nie ma żadnego trującego grzyba, który śmierdzi czosnkiem, czosnaczki, cuda niewidy i tak dalej, jak weźmiesz grzyba i będzie napisane tak jak mówiłem o tym zapachu i będzie walił czosnkiem, to się nie otrujesz. Koniec cech, nic więcej nie trzeba. To jest dobry przykład, według mnie.","Yes!! and here it is, this is exactly it... There are cases where a single, individual feature defines the species. And sometimes it would be enough: OK, this reeks of garlic, so you know you can eat it, because there's no poisonous mushroom that reeks of garlic — garlic mushrooms and so on — if you take a mushroom and it's as I said about that smell and it reeks of garlic, you won't poison yourself. End of features, nothing more needed. That's a good example, in my opinion.","P: Mi też bardzo miło to usłyszeć z twoich ust i kibicuję. || INT:  Bardzo dziękuję. W takim razie zobaczmy, czy odpowiedziałeś na wszystkie pytania dotyczące wodospadu. Wodospad. Czy ja dobrze widzę? My jesteśmy na którym slajdzie? Nie, teraz nie, na LIME jesteśmy, przepraszam, więc musimy wrócić sobie do pytań dla LIME. Tam są 3 pytania. || P: No na podstawie wykresu to się wycofam, bo według mnie wykres jest zły. || P: OK Oczywiście, pytanie numer 2. To jest twoja odpowiedź: wykres jest zły. || P: Tak!! i tu jest, to jest tutaj całkowicie właśnie tą… Istnieją przypadki, kiedy cecha jednostkowa, pojedyncza definiuje gatunek. I wystarczyłoby czasami: okej, to śmierdzi czosnkiem, to wiadomo, że możesz to zjeść, bo nie ma żadnego trującego grzyba, który śmierdzi czosnkiem, czosnaczki, cuda niewidy i tak dalej, jak weźmiesz grzyba i będzie napisane tak jak mówiłem o tym zapachu i będzie walił czosnkiem, to się nie otrujesz. Koniec cech, nic więcej nie trzeba. To jest dobry przykład, według mnie. || INT:  Jasne, fantastycznie. || P:  [czyta szeptem] No tak, są zgodne. Tylko że ja nie patrzę na rozmiary trzonu i wielkości kapelusza, bo to tak nie działa. || INT:  Dobrze. A czy ty się zgadzasz, że każdy grzyb ma określoną średnicę trzonu i określoną powierzchnię kapelusza zmienną w zależności od wielu czynników, to jest fakt, ale ty tego nie uważasz za cechy diagnostyczne, o. || P: Tak, totalnie. Bardzo dobrze to podsumowałaś.","P: It's very nice for me to hear that from you too, and I'm rooting for you. || INT: Thank you very much. In that case let's see whether you've answered all the questions about the waterfall. Waterfall. Am I seeing this right — which slide are we on? No, not now — we're on LIME, sorry, so we have to go back to the LIME questions. There are three questions there. || P: Based on the chart, I'll take it back, because in my opinion the chart is bad. || P: OK, of course, question number 2. This is your answer: the chart is bad. || P: Yes!! and here it is, this is exactly it... There are cases where a single, individual feature defines the species. And sometimes it would be enough: OK, this reeks of garlic, so you know you can eat it, because there's no poisonous mushroom that reeks of garlic — garlic mushrooms and so on — if you take a mushroom and it's as I said about that smell and it reeks of garlic, you won't poison yourself. End of features, nothing more needed. That's a good example, in my opinion. || INT: Sure, fantastic. || P: [reading in a whisper] Well, yes, they match. Only I don't look at stipe sizes and cap sizes, because that's not how it works. || INT: OK. And do you agree that every mushroom has a certain stipe diameter and a certain cap surface, variable depending on many factors — that's a fact — but you don't consider these to be diagnostic features, right. || P: Yes, totally. You summed that up very well."
MK_IT_06:130,,,"Wydaje mi się, że nie. Czy mogę stwierdzić, że się zmieni jak szerokość grzyba będzie mniejsza od tej podanej, ale nie, nie jestem w stanie powiedzieć ile procent jakby spadnie, tak mi się wydaje.","It seems to me, no. Can I state it'll change if the mushroom's width is smaller than the one given? But no, I can't say by how many percent it'll drop, that's how it seems.","P: Zidentyfikuj te cechy, które są najważniejsze do zakwalifikowania grzyba jako jadalnego, lub niejadalnego dla obu przypadków. Dlaczego te cechy są istotne. || P: No to, to nadal sądząc po tym, że to są cechy, które ten grzyb posiadał i na niebiesko zaznaczone te, które sugerują, że jest jadalne, no to to jest powierzchnie trzonu brak danych i podstawa też, więc  ciemniejszym kolorem niebieskim jest zaznaczony szerokość trzonu i powierzchnia kapelusza. || P: Więc tak bym to interpretowała, że to są te 2 najważniejsze cechy, które stwierdziły. Tutaj trochę mniej ważne jest to, że kolor trzonu jest biały. || P: Czy jesteś w stanie zidentyfikować, jak zmienia się pewność modelu podczas oznaczania poszczególnych cech metody, które mają największy wpływ na zmianę pewności. || P: Wydaje mi się, że nie. Czy mogę stwierdzić, że się zmieni jak szerokość grzyba będzie mniejsza od tej podanej, ale nie, nie jestem w stanie powiedzieć ile procent jakby spadnie, tak mi się wydaje. || P: Tak, to możemy do tego następnego przejść? || P: O K, czyli cechy najważniejsze do zakwalifikowania grzyba trującego tym razem. No to wygląda, że głównie sposób wyrastania blaszek. || P: Jeżeli są wykrojone, to już jest duże prawdopodobieństwo, że będzie niejadalny. || P: O K to chyba jednak wychodzi na to, że nie do końca rozumiem na wykresie tego niebieskiego, bo wcześniej to chyba było, nie kolor trzonu były białe. Bo tutaj jest kolor kapelusza zielony i w tym zestawie danych jest oznaczony jako istotna dana, a jednak niżej jest on tylko delikatnie niebieski miał mniejsze znaczenie.","P: Identify the features most important for classifying the mushroom as edible or inedible in both cases. Why are these features important. || P: Well, still judging by these being features the mushroom had, with the ones in blue suggesting it's edible — that's stipe surface no data, and the base too, so in darker blue are marked stipe width and cap surface. || P: So I'd interpret these as the 2 most important features they determined. Here it's a bit less important that the stipe color is white. || P: Can you identify how the model's certainty changes as the individual features of the method are marked — which have the greatest impact on the change in certainty. || P: It seems to me, no. Can I state it'll change if the mushroom's width is smaller than the one given? But no, I can't say by how many percent it'll drop, that's how it seems. || P: Yes, can we move to the next one? || P: OK, so the features most important for classifying a poisonous mushroom this time. It looks like mainly the way the gills grow. || P: If they're notched, there's already a high probability it'll be inedible. || P: OK, so it actually turns out I don't quite understand the blue on the chart, because earlier I think the stipe color was white. Because here the cap color is green, and in this dataset it's marked as an important datum, yet lower down it's only faintly blue, had less significance."
PK_DE_05:105,,,"Znaczy tak: same te wartości wszystkie, które są równe zero, pytanie, pytanie, czy zamieszczałbym na wykresie, czy raczej w komentarzu pod wykresem, dlaczego ich nie ma. Jakby no no… jest to niepotrzebne rozciągnięcie wykresu. No owszem, pokazuje, jak dużo danych interpretowaliśmy, jak dużo musieliśmy przeanalizować, tylko że pokazuje to, że w zasadzie nie ma to znaczenia. Więc w komentarzu jak najbardziej, spoko, bo to, że kolor trzonu i… nie wpływa na… no bo to akurat… no znowu, no to tu już jest w ogóle, jeżeli chodzi o te cechy, które znalazły się na tym wykresie, to jest dramat. Bo mamy trzy, które dotyczą wysokości, szerokości, średnicy, a potem lecimy już tylko i wyłącznie kolorem trzonu, a wszystkie pozostałe cechy nam w ogóle znikły i no, no są mniej istotne. Nie mamy, nie wiem, koloru hymenoforu, nie mamy ten… tylko bazowaliśmy na tym, że jak szare, no to nie wpłynęło jednak, jak różowe – też nie wpływa. Takie zawężanie do konkretnych kolorów, no, no okej, no może być może być fajne, tylko że pytanie, czy takie zawężenie byłoby jakkolwiek użyteczne przy takiej mnogości różnych form grzybów czy kolorów, jakie mogą przyjmować? To tak naprawdę same te dane, które powinniśmy analizować, jeżeli wybieramy taką cechę, to powinno być kilkanaście czy kilkadziesiąt. A a zniknęły nam wszystkie powierzchnie trzonu, zniknęły nam powierzchnie kapelusza. To zostało usunięte na rzecz na rzecz zamiany na kolor trzonu. Co jest, no no dziwne troszeczkę.","So: all these values that equal zero — the question is whether I'd put them on the chart, or rather in a comment under the chart explaining why they're not there. It's an unnecessary stretching of the chart. Sure, it shows how much data we interpreted, how much we had to analyze — but it also shows that it basically doesn't matter. So in a comment, absolutely — because the stipe color doesn't affect... well, again, as for the features that ended up on this chart, it's a disaster. Because we have three concerning height, width, diameter, and then we go on with stipe color alone, and all the other features vanished entirely and, well, they're less important. We don't have, I don't know, the hymenophore color; we only based it on: if grey it didn't matter, if pink — it doesn't matter either. Narrowing it to specific colors, OK, it can be nice, but the question is whether such narrowing would be useful at all given the huge variety of mushroom forms and colors. Really, if we pick such a feature, the data to analyze should be a dozen or several dozen. And all the stipe surfaces vanished, the cap surfaces vanished. That got removed in favor of swapping in the stipe color. Which is, well, a bit strange.","P: Mhm. Mhm, dobrze. MHm, znaczy tak, no znowu bazujemy tak naprawdę na trzech danych metrykalnych, czyli… znaczy metrycznych, czyli będziemy mieć wysokość – szerokość – średnica, no i znowu dochodzimy do tego, że no największe znaczenie ma wysokość tak naprawdę trzonu. Mhm, wartość pozytywna… wskazują na wzrost prawdopodobieństwa klasyfikacji jako niejadalnego lub trującego. Wartości negatywne. Zmniejszenie. EfX to średni wynik modelu, a fX to przewidywania dla tej obserwacji. Okej. Hmm, no tak, no to no no to no no to jesteśmy akurat tak… znowu największe znaczenie ma ta szerokość i… jest dużo mniejsza, ale również ma. No to ta średnica kapelusza, no i znowu mamy właśnie tą szerokość trzonu, która z kolei dopiero wraz ze spadkiem będzie się przyczyniać do tego, że są bardziej jadalne z jakiegoś powodu.  || P: Jeżeli chodzi o to, czy jestem w stanie stwierdzić, dlaczego wykres zaczyna się od bazowej wartości… przypuszczam, że będzie to po prostu kwestia czytelności. Jeżeli byśmy zaczęli od jedynki, no to pokazałoby nam, że nic nie ma znaczenia, bo w zasadzie szerokość byłaby znikoma. Bo w dalszym ciągu w tym momencie to jest… wszystko jest mniejsze niż jeden, więc to by się nam bardzo, bardzo skurczyło te wartości, więc myślę, że tutaj jest ten… ta… ten przyczynek do tego, że jesteśmy na tej wartości bazowej.  || P: Czy jesteś w stanie wyjaśnić, w jaki sposób ostateczna wartość na końcu wykresu odzwierciedla predykcję modelu? Mm. De facto, już, momencik… [czyta półgłosem]. Mhm. Obawiam się, że tu nie będę w stanie w pełni odpowiedzieć, nawet na pewno. || INT:  Świetnie, świetnie, a proszę mi powiedzieć, czy ma pan spostrzeżenia dotyczące czytelności samego wykresu, kompletności, legendy? Czy tutaj jakieś postulaty by pan zgłaszał, żeby to to było łatwiejsze w odbiorze, czy czy nie? || P: Znaczy tak: same te wartości wszystkie, które są równe zero, pytanie, pytanie, czy zamieszczałbym na wykresie, czy raczej w komentarzu pod wykresem, dlaczego ich nie ma. Jakby no no… jest to niepotrzebne rozciągnięcie wykresu. No owszem, pokazuje, jak dużo danych interpretowaliśmy, jak dużo musieliśmy przeanalizować, tylko że pokazuje to, że w zasadzie nie ma to znaczenia. Więc w komentarzu jak najbardziej, spoko, bo to, że kolor trzonu i… nie wpływa na… no bo to akurat… no znowu, no to tu już jest w ogóle, jeżeli chodzi o te cechy, które znalazły się na tym wykresie, to jest dramat. Bo mamy trzy, które dotyczą wysokości, szerokości, średnicy, a potem lecimy już tylko i wyłącznie kolorem trzonu, a wszystkie pozostałe cechy nam w ogóle znikły i no, no są mniej istotne. Nie mamy, nie wiem, koloru hymenoforu, nie mamy ten… tylko bazowaliśmy na tym, że jak szare, no to nie wpłynęło jednak, jak różowe – też nie wpływa. Takie zawężanie do konkretnych kolorów, no, no okej, no może być może być fajne, tylko że pytanie, czy takie zawężenie byłoby jakkolwiek użyteczne przy takiej mnogości różnych form grzybów czy kolorów, jakie mogą przyjmować? To tak naprawdę same te dane, które powinniśmy analizować, jeżeli wybieramy taką cechę, to powinno być kilkanaście czy kilkadziesiąt. A a zniknęły nam wszystkie powierzchnie trzonu, zniknęły nam powierzchnie kapelusza. To zostało usunięte na rzecz na rzecz zamiany na kolor trzonu. Co jest, no no dziwne troszeczkę. || INT:  Mhm. || P: Jakby te te cechy metrykalne, Jezus, metrykalne. Metryczne! Czyli właśnie te wysokości, szerokości, no okej, tu będą jakby najbardziej klarowne pod kątem pod kątem tego, jaką przyjmują wartość. No tu mamy zerojedynkową, która nie pokazuje nic: albo jest różowy, albo nie, w sensie albo jest różowy albo jest nieróżowy. No i w tym nieróżowym mamy olbrzymią ilość gatunków, więc no… tylko jeżeli by to był jakiś kolor trzonu, który jest wybitnie wyjątkowy, na przykład tutaj niebieski powinien być akurat czynnikiem wpływającym (na ile znam te gatunki niebieskie, przynajmniej w Polsce), natomiast tutaj stał się, o dziwo, nieistotny, więc… || INT:  Tak. Ano właśnie, znak zapytania pozostaje. || P: Duży znak zapytania tak, bo jakby dlaczego? Dlaczego akurat… tylko, no, tak jak mówię, no tutaj pytaniem jest nie sam fakt, co to znaczy, tylko dlaczego takie akurat, a nie inne cechy zostały wytypowane i w ten, a nie inny sposób podzielone, bo tak naprawdę z tych wszystkich linijek raz, dwa, trzy, cztery, pięć, sześć odnosi się do tak naprawdę jednej cechy, która została nagle rozbita na wiele punktów, no to równie dobrze moglibyśmy się pobawić na zasadzie wysokości trzonu, którą rozbijemy na powyżej 10, poniżej 11 i tak dalej, i tak dalej, i tak dalej, każdą pojedynczą wartość, i też to jeszcze byłoby bardziej szczegółowe. I przypuszczam, że troszeczkę, by jeszcze bardziej gmatwało.","P: Mhm. Mhm, OK. Mhm — I mean, again we're really basing this on three metric... I mean numeric values: height – width – diameter, and again we come to the fact that really the stipe height matters most. Mhm, a positive value... indicates an increased probability of being classified as inedible or poisonous. Negative values — a decrease. E[f(x)] is the model's average output, and f(x) is the prediction for this observation. Okay. Hmm, well yes, so we're just about... again the width matters most and... it's much smaller but also matters. So the cap diameter, and again we have the stipe width, which in turn, only as it decreases, will contribute to them being more edible for some reason. || P: As for whether I can tell why the chart starts from a base value... I suppose it's simply a matter of readability. If we started from one, it would show that nothing matters, because the width would basically be negligible. Because at this point everything is still smaller than one, so it would shrink these values a lot, so I think that's the reason we're at this base value. || P: 'Can you explain how the final value at the end of the chart reflects the model's prediction?' Mm. Actually, hold on a second... [reading under his breath]. Mhm. I'm afraid I won't be able to answer this fully, not for certain. || INT: Great, great — and tell me, do you have any observations about the readability of the chart itself, its completeness, the legend? Would you raise any requests here to make it easier to take in, or not? || P: So: all these values that equal zero — the question is whether I'd put them on the chart, or rather in a comment under the chart explaining why they're not there. It's an unnecessary stretching of the chart. Sure, it shows how much data we interpreted, how much we had to analyze — but it also shows that it basically doesn't matter. So in a comment, absolutely — because the stipe color doesn't affect... well, again, as for the features that ended up on this chart, it's a disaster. Because we have three concerning height, width, diameter, and then we go on with stipe color alone, and all the other features vanished entirely and, well, they're less important. We don't have, I don't know, the hymenophore color; we only based it on: if grey it didn't matter, if pink — it doesn't matter either. Narrowing it to specific colors, OK, it can be nice, but the question is whether such narrowing would be useful at all given the huge variety of mushroom forms and colors. Really, if we pick such a feature, the data to analyze should be a dozen or several dozen. And all the stipe surfaces vanished, the cap surfaces vanished. That got removed in favor of swapping in the stipe color. Which is, well, a bit strange. || INT: Mhm. || P: Like, these metric — Jesus, metric — numeric features, the heights and widths — OK, those will be the clearest in terms of what value they take. Here we have a binary one that shows nothing: it's either pink or not, i.e. pink or non-pink. And in that 'non-pink' we have a huge number of species, so... only if it were some really exceptional stipe color — for instance blue should actually be an influencing factor here (as far as I know the blue species, at least in Poland) — whereas here it oddly became insignificant, so... || INT: Yes. Exactly — the question mark remains. || P: A big question mark, yes, because — why? Why these particular ones... only, as I say, the question here isn't the fact of what it means, but why these particular features and not others were chosen, and split up this way and not another — because really, out of all these lines (one, two, three, four, five, six) they refer to essentially one feature that was suddenly broken into many points. We could just as well play with stipe height, splitting it into above 10, below 11, and so on, every single value, and it would be even more detailed. And I suppose it would tangle things up even more."
MK_IT_03:213,,,"Ale na przykład jest drugi jest jadalny właśnie w 9 97%. Że ja model AI właśnie zwróci dla takich danych 97 w 97 procentach jadalny, ale na przykład tutaj poniżej inny przykład, gdzie jest powietrzna czy danych podstawa trzonu, brak danych powietrznych, obrusza błotka, gładka kolor trzonu biały i że to jest pewnie taka to jest na inny kolor więc może to nie jest taka informacja, która w 100 procentach będzie prawidłowa? No ale widać już jakoś trzony jest jakość wysoka.","But for example the second is edible at 97%. That is, the AI model returns for such data 97% edible; but here below is another example, where there's stipe base — no aerial data — gill edges smooth, white stipe color — and this is probably a different color, so maybe this isn't information that'll be 100% correct? But you can already see the stipe is fairly tall.","P: Metoda objaśnienia modelu a i po prawej u góry kotwica, czyli zestaw cech, których łączna obecność przesądza o sposobie zaklasyfikowania danego owocnika przez model. || P: Kotwica nie musi odzwierciedlać rzeczywistego przykładu z danych. Poniżej kotwicy wpływ łącznego występowania zestaw cech dla przypadków, w których model przewiduje daną klasę, czyli tak zwana pewność klasyfikacji. Wyliczeniu tego procentu model uwzględnia cechy zaznaczone na niebiesko. || P: Dobrze, zidentyfikuj te cechy, które są najważniejsze do zakwalifikowania zaklasyfikowania, żeby jako jadalnego albo nielegalnego dla obu przykładów odpowiedz. Dlaczego te cechy są istotne? || P: Czyli rozumiem, że te rzeczy, które są na zielono, znaczy na niebiesko, oznaczają, że wtedy grzyb będzie jadalny i widać, że dla tego pierwszego przykładu jest tam szerokość trzonu. Duża wysokość trzonu, niska średnica kapelusza jakaś tam. To oznacza, że te wszystkie cechy są spełnione, czyli grzyb jest jadalny. || P: Ale na przykład jest drugi jest jadalny właśnie w 9 97%. Że ja model AI właśnie zwróci dla takich danych 97 w 97 procentach jadalny, ale na przykład tutaj poniżej inny przykład, gdzie jest powietrzna czy danych podstawa trzonu, brak danych powietrznych, obrusza błotka, gładka kolor trzonu biały i że to jest pewnie taka to jest na inny kolor więc może to nie jest taka informacja, która w 100 procentach będzie prawidłowa? No ale widać już jakoś trzony jest jakość wysoka. || P: Ale na przykład widać, że niektóre cechy są w ogóle na biało, czyli to może mówić, że może być niejadalne. No i widać, że AI powie, że się, że w 76 procentach ten Grzyb będzie jadalny. || P: No i te cechy pewnie, czyli właśnie te szerokość trzonu są argumentują za jadalnością grzyba. || P: No, ale na przykład tutaj brak wysokości trzonu, no i tak samo ten brak wysokości trzonu. || P: Znaczy, że te, że ten, faktycznie jest trochę wysoki, może sprawiać, że AI będzie myśleć, że bardziej ten grzyb może być niejadalny.","P: The model explanation method, and at the top right the anchor — that is, a set of features whose combined presence determines how the model classifies a given fruiting body. || P: The anchor need not reflect an actual example from the data. Below the anchor: the effect of the combined occurrence of the feature set for cases where the model predicts a given class — the so-called classification certainty. In computing this percentage the model takes into account the features marked in blue. || P: OK, identify the features that are most important for classifying — as edible or inedible — for both examples, and answer: why are these features important? || P: So I understand that the things in green — I mean in blue — indicate the mushroom will then be edible, and you can see that for this first example there's stipe width. Large stipe height, some low cap diameter. It means all these features are met, so the mushroom is edible. || P: But for example the second is edible at 97%. That is, the AI model returns for such data 97% edible; but here below is another example, where there's stipe base — no aerial data — gill edges smooth, white stipe color — and this is probably a different color, so maybe this isn't information that'll be 100% correct? But you can already see the stipe is fairly tall. || P: But for example you can see some features are entirely in white, which may say it can be inedible. And you can see the AI will say the mushroom is 76% edible. || P: And these features — the stipe width — probably argue for the mushroom's edibility. || P: But here, for example, there's no stipe height, and likewise this lack of stipe height. || P: It means that this one, being actually a bit tall, may make the AI think this mushroom can be more inedible."
MZ_IT_05:360,,,"Więc najbardziej tutaj wydaje mi się, że ten sposób przyrastania blaszek do trzonu jest dosyć istotny, bo on to został odznaczony i.","So most of all here, it seems to me, this way the gills attach to the stipe is fairly important, because it got marked and.","P: Spadło 13%. || P: A w przypadku jadalnych tutaj? || P: Jak się zaznaczyło, 3 z 8. || P: To tutaj wynik spadł o 20%. || P: Więc najbardziej tutaj wydaje mi się, że ten sposób przyrastania blaszek do trzonu jest dosyć istotny, bo on to został odznaczony i. || P: I przewidzenie klasy tych jadalnych jest już tylko 76%. || P: Widać, że po prostu. || P: Ta precyzja się będzie zmniejszać podczas oznaczania cech. || P: I właściwie to by chyba było, bo było tyle, bo nie widzę tu już.","P: Dropped 13%. || P: And in the case of the edible ones here? || P: As marked, 3 out of 8. || P: Here the result dropped by 20%. || P: So most of all here, it seems to me, this way the gills attach to the stipe is fairly important, because it got marked and. || P: And the predicted class of these edible ones is now only 76%. || P: You can simply see that. || P: This precision will decrease as the features are marked. || P: And that's probably about it, because that was all — I don't see anything more here."
MZ_IT_05:213,,,"Tutaj właśnie takie takie cechy, jak wysokość trzony średnica kapelusza będą miały tak kluczowe znaczenie.",here exactly such features as stipe height and cap diameter would be so crucial.,"P: Szczerze mówiąc, nie bo naj. || P: Częściej to na co się zwraca uwagę, to było właśnie to, czy czy grzyb ma blaszki czy ma gąbkę na przykład. || P: No a poza tym to, czego tak naprawdę nie da się tu uwzględnić, czyli po prostu konkretne, konkretne grzyby, które się znało i które się zbierało. || P: Nie spodziewałbym się, że. || P: Tutaj właśnie takie takie cechy, jak wysokość trzony średnica kapelusza będą miały tak kluczowe znaczenie. || P: Wydaje się to dosyć nieoczywiste. Szczerze mówiąc. || P: Więc o ile no? || P: Prawdopodobnie jest w tym sporo informacji. || P: Ale po prostu wydaje się wydaje się bardzo nieintuicyjne po tym, co się, co się kojarzyło w życiu.","P: Honestly, no, because the most. || P: Most often what you pay attention to was exactly whether the mushroom has gills or pores, for example. || P: And besides that, what really can't be taken into account here — namely the specific mushrooms one knew and used to collect. || P: I wouldn't have expected that. || P: here exactly such features as stipe height and cap diameter would be so crucial. || P: It seems quite non-obvious. Honestly. || P: So, well? || P: There's probably quite a lot of information in it. || P: But it just seems very unintuitive after what one associated in life."
DR_IT_05:182,,, A raczej nie chce wstać z treścią. One są korzystne. Tak z tego punktu widzenia chodzi.,"And it rather doesn't [want to] fit the content. They're favorable. Yes, that's the point of view meant.","P:  Czy to jest państwo i dlaczego te cechy są istotne? || P:  Chyba nie po prostu wydają się takie dość podstawowe. Tak jeżeli chodzi o wygląd. No krzywa, ale. || P:  No też takiej wiedzy ogólnej, to dużo grzybów trujących jest takich właśnie węższych i wyższych, ale to tak bardziej. || P:  na zasadzie skojarzenia. || P:  A raczej nie chce wstać z treścią. One są korzystne. Tak z tego punktu widzenia chodzi. || P:  To. || P:  Jest tutaj nasza wartość dodana, o której wspomina, aby oznacza wspólną jest takie na predykcję toksyczności dla konkretnego owocnika, więc to dochodzi. To jeżeli ta wartość jest wyższa, to taka jest bardziej istotna. Najważniejsze wpływ na produkcję, czyli no to będzie dobrze. Czy możemy przejść do kolejnego konia?  || P: Czy jest pani w stanie stwierdzić, dlaczego wykres zaczyna się od bazowej wartości i w jaki sposób to wartość wpływa na interpretację pozostałych elementów wykresu? || P:  Więc tutaj jest tak jak wyznaczona?","P: Is this it, and why are these features important? || P: Probably not — they just seem fairly basic. As far as appearance goes. Well, a curve, but. || P: Also from general knowledge, a lot of poisonous mushrooms are just like that — narrower and taller — but that's more. || P: on the basis of association. || P: And it rather doesn't [want to] fit the content. They're favorable. Yes, that's the point of view meant. || P: This. || P: Here is our added value that it mentions — meaning the shared contribution to the toxicity prediction for a specific fruiting body, so it adds up. If this value is higher, it's more important. The greatest influence on the prediction — well, that'll be fine. Can we move on to the next one? || P: Can you tell why the chart starts from a base value, and how that value affects the interpretation of the remaining elements of the chart? || P: So here it's, as it were, determined?"
MK_IT_06:95,,,"Tak, ale nie wiedziałabym kompletnie, co znaczy wartość zmodyfikowana. Znaczy teraz pytanie, czy to dobrze interpretuję, że AI wskazuje jaką wartość powinna powinien mieć dany grzyb, żeby stał się jadalny w jego oczach. ","Yes, but I'd have no idea what 'modified value' means. I mean, the question is whether I'm interpreting it right — that the AI indicates what value a given mushroom should have to become edible in its eyes.","P: To może nastepne. || INT: Czy dla pani te objaśnienia, one mają znaczenie jakieś?  || P: No myślę, że tak. || INT: To jest analiza kontrfaktyczna? || P: Tak, ale nie wiedziałabym kompletnie, co znaczy wartość zmodyfikowana. Znaczy teraz pytanie, czy to dobrze interpretuję, że AI wskazuje jaką wartość powinna powinien mieć dany grzyb, żeby stał się jadalny w jego oczach.  || P: O K to możemy chyba przejść do pytań, czy patrząc na poniższe wizualizację jesteś w stanie stwierdzić jakie zmiany w cechy mają największy wpływ na zmianę klasyfikacji grzyba jadalnego i odwrotnie. || P: No to tutaj są tylko 2 cechy, które są zmienione wysokość trzonu, 2 razy bo to są tak, dwa różne grzyby niejadalne, które chciał zmienić. Tylko wysokość trzonu było zmodyfikowana. || P: Na jadalny i jadalny taką dużą, a wcześniej było napisane, że. O K, jeżeli trzon jest niski to jest niejadalny. W porządku, no to zgadza się z tym, co AI sądzi. || P: Czy zmiany przedstawione na tej wizualizacji mają sens w kontekście rzeczywistych własności grzybów i zgodnie z twoją wiedzę o grzybach.  No nie, no bo jednak zbieramy grzyby w różnych stadiach wzrostu. Więc no wielkość grzyba nie ma, to tak naprawdę nie ma dużego znaczenia, no bo możemy sobie zebrać podgrzybka, który jest dopiero co wyrośnięty, a takiego, który po prostu już jest taki stary, już po prostu zjedzone przez robaki. Ale jednak kapelusz jest gigantyczny, albo trzon jest wysoki.","P: Maybe the next one. || INT: Do these explanations mean anything to you? || P: Well, I think so. || INT: Is this the counterfactual analysis? || P: Yes, but I'd have no idea what 'modified value' means. I mean, the question is whether I'm interpreting it right — that the AI indicates what value a given mushroom should have to become edible in its eyes. || P: OK, then we can move to the questions: looking at the visualization below, can you tell which changes in features have the greatest impact on changing the mushroom's classification from edible, and vice versa. || P: Well, here there are only 2 features changed — stipe height, twice, because these are two different inedible mushrooms it wanted to change. Only stipe height was modified. || P: To edible, by such a large amount, and earlier it was written that... OK, if the stipe is short it's inedible. Fine, so that agrees with what the AI thinks. || P: Do the changes shown make sense in the context of the real properties of mushrooms and consistent with your knowledge? Well no, because we collect mushrooms at various growth stages. So the mushroom's size doesn't really matter much, because we can pick a young bay bolete just grown, or one already old, eaten by worms. But the cap is gigantic, or the stipe is tall."
PK_DE_01:121,,,"Szerokość trzonu u podstawy... yy… zmienia kolor, puszcza mleczko. Zmienia kolor, puszcza mleczko – też możliwe, że ta cecha może być brana pod uwagę. Szerokość trzonu w milimetrach to chyba nie ma znaczenia, bo to są różne gatunki, które mają różne szerokości, jedne mają pękate, inne mają… to znaczy u grzybów blaszkowych to raczej wszystkie albo równo grube, albo dołem i u podstawy rozszerzone. Wysokość trzonu: u niektórych tych muchomorów (szczególnie śmiertelnie trujących) to jest istotna cecha. Średnica kapelusza: no, grzyby w zasadzie i jadalne, i trujące mają podobne wielkości. Kolor trzonu ma chyba niewielkie znaczenie. Zmienia kolor lub puszcza mleczko w reakcji na uszkodzenie… yy… te niebieskie, to są jadalne.","Stipe width at the base... uh... changes color, exudes latex. Changes color, exudes latex — it's also possible this feature could be taken into account. Stipe width in millimeters probably doesn't matter, because these are different species with different widths; some are stocky, others... I mean, in gilled mushrooms they're mostly either uniformly thick, or widened at the bottom and base. Stipe height: in some of these Amanitas (especially the deadly poisonous ones) it's an important feature. Cap diameter: well, both edible and poisonous mushrooms have similar sizes really. Stipe color probably matters little. Changes color or exudes latex in reaction to damage... uh... the blue ones, those are edible.","P: Znaczy kolorów jest bardzo dużo wysypu zarodników, tak że można to brać pod uwagę. || INT: Można to brać pod uwagę. Sprawdźmy, czy… już chyba nie mamy żadnych pytań dotyczących tego slajdu 7, ale upewnię się. Już się upewniam. Sekundka, tutaj mam pytania, tak, wyczerpałyśmy pytania do tego slajdu wodospad.  || INT: teraz mamy slajd 9, jesteśmy już za połową, daleko za połową. Slajd 9, bardzo proszę.  || INT: Przeczytajmy sobie pytanie, slajd jest gotowy jest do pokazania, a pytanie brzmi tak: na podstawie wykresu proszę wskazać te cechy, które zwiększają prawdopodobieństwo zaklasyfikowania grzyba jako niejadalnego/trującego, czyli które cechy zwiększają prawdopodobieństwo, że model określi grzyb jako trujący/niejadalny. || P: Szerokość trzonu u podstawy... yy… zmienia kolor, puszcza mleczko. Zmienia kolor, puszcza mleczko – też możliwe, że ta cecha może być brana pod uwagę. Szerokość trzonu w milimetrach to chyba nie ma znaczenia, bo to są różne gatunki, które mają różne szerokości, jedne mają pękate, inne mają… to znaczy u grzybów blaszkowych to raczej wszystkie albo równo grube, albo dołem i u podstawy rozszerzone. Wysokość trzonu: u niektórych tych muchomorów (szczególnie śmiertelnie trujących) to jest istotna cecha. Średnica kapelusza: no, grzyby w zasadzie i jadalne, i trujące mają podobne wielkości. Kolor trzonu ma chyba niewielkie znaczenie. Zmienia kolor lub puszcza mleczko w reakcji na uszkodzenie… yy… te niebieskie, to są jadalne. || INT: Niebieskie są jadalne. Bardzo dziękuję. Tak. || P: Może może zmieniać kolor, na przykład piaskowiec modrzak, bardzo ładny, niebieski kolor po uszkodzeniu. Wysokość trzonu. Ale tu mamy wysokość mniejszą lub równą? To są milimetry, nie centymetry. Ale skąd takie takie dokładne Wymiary tych tych tych trzonów?? || INT: Czy dobrze słyszę pani w pani głosie zdziwienie? || P: Tak, tak.","P: I mean, there are a lot of spore-print colors, so that could be taken into account. || INT: It can be taken into account. Let's check whether... I don't think we have any more questions about slide 7, but I'll make sure. One second, I have the questions here — yes, we've exhausted the questions for this waterfall slide. || INT: now we have slide 9, we're already past halfway, well past halfway. Slide 9, go ahead. || INT: Let's read the question — the slide is ready, and it goes: based on the chart, please point out the features that increase the probability of classifying a mushroom as inedible/poisonous — that is, which features increase the probability that the model labels the mushroom as poisonous/inedible. || P: Stipe width at the base... uh... changes color, exudes latex. Changes color, exudes latex — it's also possible this feature could be taken into account. Stipe width in millimeters probably doesn't matter, because these are different species with different widths; some are stocky, others... I mean, in gilled mushrooms they're mostly either uniformly thick, or widened at the bottom and base. Stipe height: in some of these Amanitas (especially the deadly poisonous ones) it's an important feature. Cap diameter: well, both edible and poisonous mushrooms have similar sizes really. Stipe color probably matters little. Changes color or exudes latex in reaction to damage... uh... the blue ones, those are edible. || INT: The blue ones are edible. Thank you very much. Yes. || P: It can change color — for example the blueleg, a very pretty blue color after damage. Stipe height. But here we have height less than or equal to? These are millimeters, not centimeters. But where do such precise dimensions of these stipes come from?? || INT: Do I hear surprise in your voice, correctly? || P: Yes, yes."
PK_DE_04:132,,,"A to to trochę jakby z boku: tam widzę dużo innych punktów, które są jakby tak zupełnie niżej, i one są dużo ciekawsze i na nich bym się z chęcią skupił, tylko że one giną w tłumie, dlatego że te pierwsze rzeczy są jakby wywyższone. Według mnie te dalsze są dużo istotniejsze.","And this a bit off to the side: I see there a lot of other points entirely lower down, and they're much more interesting and I'd gladly focus on them, only they get lost in the crowd, because these first things are, as it were, elevated. In my view the further ones are much more significant.","P: Tak. No aż trochę mi przykro, bo po prostu, no prawie doszedłem już do czwartego, to czytam, i za każdym razem mam bunt, że tak powiem. || INT:  Super, bunt. Nazwałeś to buntem i to jest bunt poznawczy, bo się nie zgadzasz merytorycznie z tymi cechami, one nie są miarodajne według ciebie, a bunt emocjonalny również masz? || P: Nie, nie, poznawaczy, taki merytoryczny, na zasadzie: no nie. Tak jak powiedziałem o tej teściowej, nikomu bym nie polecił tego sposobu jako bazę do weryfikacji tego, czy mogę to zjeść, bo nie chciałbym być odpowiedzialny za jego śmierć. || INT:  Nie chciałbyś być odpowiedzialny za jego śmierć, czyli przydatność empiryczna w tej chwili, praktyczna, zero. || P: A to to trochę jakby z boku: tam widzę dużo innych punktów, które są jakby tak zupełnie niżej, i one są dużo ciekawsze i na nich bym się z chęcią skupił, tylko że one giną w tłumie, dlatego że te pierwsze rzeczy są jakby wywyższone. Według mnie te dalsze są dużo istotniejsze. || INT:  No a które, bo to jest super ważne też? || P: Już otwieram. No widzę, czytam i cały czas jednak mam… [westchnienie] Kolor trzonu pomarańczowy, jedyne grzyby, jakie mi się kojarzą, które mają pomarańczowy trzon, to są te dobre, jadalne. A zakładam, że w domyśle było: o, trzeba uważać. Kolor trzonu niebieski? Powtórzę się. Kolory trzonów nie są cechą określającą jednak jadalność lub niejadalność grzybów. No, w sensie, jakbym się bardzo skupił, to bym wymyślił dużo szkodliwych grzybów, które mają, które mają szary, różowy, pomarańczowy, niebieski, jasnobrązowy, i dużo grzybów, które są super, które też mają te cechy. Jakby to nie jest dla mnie rozgraniczenie. Nie, no nie. || INT:  Jasne. Wszystko, wszystko jest zrozumiałe. || P: Wrócę do do dużo wcześniejszego slajdu. Tam jedno mi się pytanie podobało, no i w tej ankiecie odpowiedziałem, i tam było coś takiego, co też jest dyskusyjne, ale jakby dobrze być ostrożnym i tam się... że jest pochwa, więc OK, uważajmy na muchomory, chociaż ja uwielbiam muchomory, wiele różnych, żółtawego. Są przepyszne, cudowne, ale jakby jak ktoś ma wątpliwości, to to jest cecha dla mnie rozpoznawcza, to powinno być właśnie… wśród tych wszystkich cech powinno być: uuu, ma pochwę – to uważaj, to jest oznaka, że coś może być nie tak, sprawdź dokładniej, a nie kolor trzonu. No dobra, tyle.","P: Yes. I'm even a bit sorry, because I've almost reached the fourth one, I read it, and each time I have a revolt, so to speak. || INT: Super, a revolt. You called it a revolt, and it's a cognitive revolt, because you disagree on the merits with these features — they're not reliable in your view — and do you also have an emotional revolt? || P: No, no, cognitive, substantive, on the principle of: well no. As I said about the mother-in-law, I wouldn't recommend this method to anyone as a basis for verifying whether I can eat it, because I wouldn't want to be responsible for their death. || INT: You wouldn't want to be responsible for their death — so empirical, practical usefulness at this moment: zero. || P: And this a bit off to the side: I see there a lot of other points entirely lower down, and they're much more interesting and I'd gladly focus on them, only they get lost in the crowd, because these first things are, as it were, elevated. In my view the further ones are much more significant. || INT: Well, which ones, because that's super important too? || P: I'm opening it now. I see, I read, and I still have... [sigh] Orange stipe color — the only mushrooms I associate with an orange stipe are the good, edible ones. And I assume the implied message was: oh, you have to be careful. Blue stipe color? I'll repeat myself. Stipe colors are not a feature determining a mushroom's edibility after all. If I focused hard, I'd think of many harmful mushrooms that have grey, pink, orange, blue, light-brown, and many mushrooms that are great and also have these features. For me it's not a distinction. No, well no. || INT: Sure. Everything is understandable. || P: I'll go back to a much earlier slide. There was one question I liked there, and I answered it in the survey, and there was something that's also debatable, but it's good to be careful there... that there's a volva, so OK, let's watch out for Amanitas — although I love Amanitas, many different ones, the yellowish one. They're delicious, wonderful, but if someone has doubts, that's a recognition feature for me — among all these features there should be: ooh, it has a volva — watch out, that's a sign something may be off, check more carefully — and not the stipe color. OK, that's it."
DR_SSH_06:270,,, Według mnie dalej trujący 2 przedstawione na obrazie analizy kontrfaktyczne mówię jak dane wystarczy wymienić w owocnik ten uczy predykcji.,In my view still poisonous. The two counterfactual analyses shown in the image say what data it's enough to swap for this fruiting body [to change] the prediction.,"P:  kontrfaktyczne. || P:  Dalej. || P:  Ja bym nie chciał z wyglądu dalej. || P:  owocnik badany realnie w przyrodzie był. || P:  Według mnie dalej trujący 2 przedstawione na obrazie analizy kontrfaktyczne mówię jak dane wystarczy wymienić w owocnik ten uczy predykcji. || P:  O k Legenda wartość pierwotna dana poprawa taktycznego. || P:  Rozumiem, czyli tutaj mamy wartość wysokość trzonów w centymetrach. || P:  Wartości 1,43. || P:  I on był z klasyfikowany. Rozumiem jako.","P: counterfactual. || P: Next. || P: I wouldn't want to go on by appearance. || P: the fruiting body studied in the wild was. || P: In my view still poisonous. The two counterfactual analyses shown in the image say what data it's enough to swap for this fruiting body [to change] the prediction. || P: OK. Legend: original value, the datum, [tactical] correction. || P: I understand, so here we have the value — stipe height in centimeters. || P: Value 1.43. || P: And it was classified. I understand as."
PK_DE_04:189,,,"Dobra. Aż poczytam o XGB, jak tam jest napisane 99,97%, to jestem w szoku, ale dobra, czytam. Przeczytałem z uwagą. To mam... I sugeruję ci, jakby poza tym, co robisz z ludźmi i zapraszasz ich, poproś… znaczy sugestia delikatna, poproś te osoby – i ja też ci wyślę – żeby zweryfikować zdanie „model skutecznie identyfikuje”. Bo może się mylę, ale wydaje mi się, że nie.","OK. Once I read about XGB, where it says 99.97%, I'm in shock, but OK, I'm reading. I read it carefully. And I suggest that, besides what you do inviting people, ask — a gentle suggestion — ask those people (and I'll send you too) to verify the sentence 'the model effectively identifies.' Because maybe I'm wrong, but it seems to me it doesn't.","INT:  Dobrze, to teraz spróbujmy, bo jesteśmy już bardzo blisko finału, spróbuj może, jeśli byś dał radę, odpowiedzieć na pytania do slajdu 10. Właśnie do tej analizy kontrfaktycznej. W mailu są 2. || P: Dobra. Nie, na pierwsze totalnie nie, ale tak zdecydowanie nie. Według mnie nie, nie, nie ma opcji, żeby na tym bazować, nie ma. Nie, bo mówię: i tak kocham moją teściową, ale by mi jej tego nie zrobił. || INT:  Nie ma opcji.  || INT:  Świetnie. Mamy slad 10 załatwiony, dobrze. I przejdźmy sobie w takim razie do kolejnego slajdu, który jest slajdem z tekstem. Gdybyś mógł sobie go spokojnie przeczytać i dać reakcję. || P: Dobra. Aż poczytam o XGB, jak tam jest napisane 99,97%, to jestem w szoku, ale dobra, czytam. Przeczytałem z uwagą. To mam... I sugeruję ci, jakby poza tym, co robisz z ludźmi i zapraszasz ich, poproś… znaczy sugestia delikatna, poproś te osoby – i ja też ci wyślę – żeby zweryfikować zdanie „model skutecznie identyfikuje”. Bo może się mylę, ale wydaje mi się, że nie. || INT:  Dobrze, znakomicie, to jest dokładnie taka uwaga, jakiej oczekiwalibyśmy w badaniu naszym dzisiejszym. Czyli szczególną uwagę trzeba zwrócić na to zdanie: „Model skutecznie identyfikuje” i zastanowić się, czy to powinno widnieć na slajdzie. || P: Szczerze mówiąc, po prostu bym to przetestował i sam jestem chętny, żeby wysłać kilka dobrych jakościowo… nie, bo to nie tylko zdjęcia. Zdjęcia to zdjęcia, a tam jeszcze jest dużo innych danych, ale to to ja zrobię nową dygresję. Nie wiem, jaki jest koncept projektu, tylko według mnie, znowu trochę tak biznesowo patrząc, dla ludzi, ludzie chcieliby zrobić zdjęcie, żeby AI im rozpoznało. I i najgorsze jest to, że nie wpiszą, gdzie to zebrali, jaki jest biotop, jaki… nie wpiszą. Po prostu nie wpiszą. Oni chcą zrobić zdjęcie. No tak to działa. || INT:  Więc z tym się trzeba liczyć, z tym się trzeba liczyć, projektując ewentualnie taką aplikację. Doskonale, przejdźmy do kolejnego w takim razie slajdu. Na tym slajdzie jest parę wykresów i są do niego dwa pytania. || P: Aha, bo to już była piętnastka. Aha, już widzę te wykresy, dobra.","INT: OK, now let's try, since we're very close to the finish — try, if you can, to answer the questions for slide 10, the counterfactual analysis. There are 2 in the email. || P: OK. No — to the first, totally no, definitely no. In my view there's no way to base anything on this, none. No, because I say: I love my mother-in-law and all, but I wouldn't do that to her. || INT: No way. || INT: Great. We've handled slide 10. Let's move to the next slide, which is a text slide. If you could read it calmly and give a reaction. || P: OK. Once I read about XGB, where it says 99.97%, I'm in shock, but OK, I'm reading. I read it carefully. And I suggest that, besides what you do inviting people, ask — a gentle suggestion — ask those people (and I'll send you too) to verify the sentence 'the model effectively identifies.' Because maybe I'm wrong, but it seems to me it doesn't. || INT: Good, excellent — that's exactly the kind of remark we'd expect in our study today. So particular attention must be paid to this sentence, 'The model effectively identifies,' and consider whether it should appear on the slide. || P: Honestly, I'd just test it, and I'm happy to send some good-quality... no, because it's not just photos. Photos are photos, but there's a lot of other data too — but that's a new digression. I don't know the project's concept, but in my view, again looking a bit business-wise, people would want to take a photo for the AI to recognize it. And the worst thing is they won't enter where they collected it, what the biotope is — they just won't. They want to take a photo. That's how it works. || INT: So you have to reckon with that when designing such an app. Excellent, let's move to the next slide. This slide has a few charts and two questions for it. || P: Aha, because that was the fifteenth already. Aha, now I see these charts, OK."
PK_DE_02:168,,,"Tak, tak. Tak. Dokładnie tak, no trudno mi powiedzieć, czy tutaj nie jest jakaś rozbieżność między pytaniem a faktycznymi danymi. No, tak na pierwszy rzut oka by to mogło wyglądać.","Yes, yes. Exactly so — well, it's hard for me to say whether there isn't some discrepancy here between the question and the actual data. At first glance it could look that way.","P: Tak, tylko jedna cecha. Na dodatek, na dodatek nie wiem, czy ja cały tutaj mam diagram nad tym…? || INT:  Cały, kończy się na porze roku.  || P: Tak, tak. Siedlisko to samo. Brązowy, brak danych, 16,83, 1,40, gęste, pomarańczowy, brak danych, nie zmienia, żółty. Cały czas nie wiem, czy źle patrzę, czy pozostałe parametry są w obydwu porównaniach takie same? || INT:  Wartość zmodyfikowana jest w tej kolumnie drugiej i w obu kontrfaktach ja w kolumnie 2 widzę tylko jedną zmianę wartości, czyli wysokość trzonu, prawda? || P: Tak, tak. Tak. Dokładnie tak, no trudno mi powiedzieć, czy tutaj nie jest jakaś rozbieżność między pytaniem a faktycznymi danymi. No, tak na pierwszy rzut oka by to mogło wyglądać. || INT:  Aha. A gdyby… Bo bo pan podejrzewa rozbieżność między diagramem a legendą, tak? Bo bo nie widzi pan żadnego owocnika konkretnego gatunku realnego w przyrodzie występującego, który by pasował do tego zestawu cech, tak? Dobrze ja się domyślam? || P: Tak, tak, tak. Nawet nie, w tym momencie. || INT:  Nawet nie. || P: Bardziej chodziło mi o to, że… Bo za chwilkę zastanowię się, czy jakiś owocnik by tutaj można było przypisać, bo pewno tak. Nie, tylko tutaj była mowa o dwóch modyfikacjach, a jest jedna, więc tak jakby logicznie rzecz biorąc, coś tutaj nie pasuje. Znów opis nie pasuje do [niesłyszalne].","P: Yes, just one feature. On top of that, I don't know whether I have the whole diagram above this...? || INT: The whole thing — it ends at the season. || P: Yes, yes. Habitat the same. Brown, no data, 16.83, 1.40, dense, orange, no data, doesn't change, yellow. I still don't know whether I'm looking wrong, or whether the remaining parameters are the same in both comparisons? || INT: The modified value is in this second column, and in both counterfactuals I see in column 2 only one value change, namely stipe height, right? || P: Yes, yes. Exactly so — well, it's hard for me to say whether there isn't some discrepancy here between the question and the actual data. At first glance it could look that way. || INT: Aha. And if... Because you suspect a discrepancy between the diagram and the legend, right? Because you don't see any fruiting body of a specific species really occurring in nature that would fit this set of features, right? Am I guessing correctly? || P: Yes, yes, yes. Not even, at this moment. || INT: Not even. || P: I meant more that... Because in a moment I'll consider whether some fruiting body could be assigned here, because probably yes. No — it's just that here two modifications were mentioned, and there's one, so logically speaking something doesn't fit. Again the description doesn't match [inaudible]."
DR_SSH_07:334,,,"Wyobrażam sobie względem trzonu, dlatego nie wiem, czemu trzon ma taką ujemną wartość. O średnicach kapelusza dodatnią wydaje mi się, że powinno to być.","I picture it relative to the stipe, which is why I don't know why the stipe has such a negative value. For cap diameter, positive — it seems to me it should be.","P:  I zwłaszcza taki płaski, no to często się okazuje, że one są trujące. || P:  A. || P:  Natomiast jeśli chodzi o szerokość trzonu. || P: Trochę mnie to zastanawia bo średnica kapelusza. || P: Wyobrażam sobie względem trzonu, dlatego nie wiem, czemu trzon ma taką ujemną wartość. O średnicach kapelusza dodatnią wydaje mi się, że powinno to być. || P:  Mieć  powiedzmy podobną wartość. ale || P: Może po prostu chodzi o to, że są też niektóre grzyby, które w zasadzie są często spotykane, które mają wąskie trzonki, a są jadalne, więc opierając się tylko na przykład o szerokość trzonu, no to ciężko by było stwierdzić dlatego, że właśnie jest dużo jadalnych, które mają dzięki(cienki) trzonek. || P:  A. || P:  No może niekoniecznie.","P: And especially a flat one like that — it often turns out they're poisonous. || P: A. || P: As for stipe width, however. || P: It puzzles me a bit, because the cap diameter. || P: I picture it relative to the stipe, which is why I don't know why the stipe has such a negative value. For cap diameter, positive — it seems to me it should be. || P: Have, let's say, a similar value. But || P: Maybe it's simply that there are also mushrooms often encountered that have narrow stipes and are edible, so relying only on stipe width it would be hard to tell, because there are a lot of edible ones with a thin stipe. || P: A. || P: Well, maybe not necessarily."
DR_SSH_07:459,,," szersze, wyższe, a nie takie jak kulka.","wider, taller, not like a little ball.","P:  no to one || P:  bywają wysokie i nawet w przypadku prawdziwków i pociechów one || P:  co prawda są bulwiaste, ale czasami się znajdą takie wysokie || P:  i wielkie, z wielkim kapeluszem i z wysokim, grubym, trzonem i wtedy już są bardziej takie || P:  szersze, wyższe, a nie takie jak kulka. || P:  Ale no tutaj, to nie jest też aż tak bardzo istotne. || P:  Średnica kapelusza.. || P:  Też, no tutaj powiedzmy, że || P:  No może pominę te, które nie mają tej takiej dużej istotności.","P: Well, so they — || P: they can be tall, and even in the case of ceps and the like, they || P: true, they're bulbous, but sometimes you find tall ones || P: and big, with a big cap and a tall, thick stipe, and then they're more like || P: wider, taller, not like a little ball. || P: But here, it's not all that important either. || P: Cap diameter.. || P: Also, well, here let's say that || P: Well, maybe I'll skip the ones that aren't that significant."
DR_SSH_01:278,,,"Wydaje mi się, że nie odnoszą się całkowicie do mojej wiedzy o grzybach, a w ","It seems to me they don't fully relate to my knowledge of mushrooms, and in the","P: W tym przypadku miała największy wpływ na zmiany || P: Jadalności grzyba z niejadalnego na jadalny, choć nie jest to tak jasne, żeby to łatwo zinterpretować. || INT: Czy zmiany przedstawione na wizualizacji mają sens w kontekście rzeczywistych właściwości grzybów i są zgodne z pani wiedzą o grzybach? || P: Zmiany przedstawione na wizualizacji || P: Wydaje mi się, że nie odnoszą się całkowicie do mojej wiedzy o grzybach, a w  || P: Kontekście rzeczywistych właściwości || P: być może,  || P: Choć nie wiem. || P: co ta wartość oznacza, czy ten grzyb ","P: In this case it had the greatest impact on the changes || P: in the mushroom's edibility from inedible to edible, though it's not clear enough to interpret easily. || INT: Do the changes shown in the visualization make sense in the context of the real properties of mushrooms, and are they consistent with your knowledge of mushrooms? || P: The changes shown in the visualization || P: It seems to me they don't fully relate to my knowledge of mushrooms, and in the || P: context of real properties || P: perhaps, || P: Though I don't know. || P: what this value means, whether this mushroom"
PK_DE_01:230,,,"Kiedy wszystkie cechy są spełnione. Wykrojone ząbki, nie ząbki, wykrojone. Kolor kapelusza zielony. Powierzchnia kapelusza brak danych. Kształt kapelusza płaski lub lekko wypukły powinno być. Średnica kapelusza – to też zależy, w jakim stadium jest grzyb. Średnica kapelusza: 5 i mniej niż 5,87 cm. Przewiduję muchomora zielonawego.","When all the features are met. Notched gills — not toothed, notched. Cap color green. Cap surface: no data. Cap shape flat or slightly convex, it should be. Cap diameter — that also depends on what stage the mushroom is at. Cap diameter: 5, and less than 5.87 cm. I predict a greenish Amanita [death cap].","INT: Świetnie, jakie samopoczucie? || P: No takie troszkę już znużenie. || INT: Znużenie, dobrze.  || INT: I teraz jeszcze mamy drugą taką wizualizację, przy czym proszę pamiętać, że pani decyduje o tym, co tu się dzieje. Ja jestem tylko, żeby służyć i towarzyszyć. Jeżeli znużenie jest na tyle duże, że chce pani odstąpić od badania kolejnego slajdu, to to jest dla nas też bardzo cenna informacja. || P: Kiedy wszystkie cechy są spełnione. Wykrojone ząbki, nie ząbki, wykrojone. Kolor kapelusza zielony. Powierzchnia kapelusza brak danych. Kształt kapelusza płaski lub lekko wypukły powinno być. Średnica kapelusza – to też zależy, w jakim stadium jest grzyb. Średnica kapelusza: 5 i mniej niż 5,87 cm. Przewiduję muchomora zielonawego. || INT: Aha. || P: Ale tu pasowałoby jeszcze, że posiada pochwę. || INT: Jeszcze, czyli tu brakuje tej pochwy? || P: Tak.","INT: Great, how are you feeling? || P: A bit weary already. || INT: Weary, OK. || INT: And now we have a second such visualization, though please remember that you decide what happens here. I'm only here to serve and accompany. If the weariness is great enough that you want to skip examining the next slide, that's also very valuable information for us. || P: When all the features are met. Notched gills — not toothed, notched. Cap color green. Cap surface: no data. Cap shape flat or slightly convex, it should be. Cap diameter — that also depends on what stage the mushroom is at. Cap diameter: 5, and less than 5.87 cm. I predict a greenish Amanita [death cap]. || INT: Aha. || P: But it would also fit that it has a volva. || INT: So the volva is missing here? || P: Yes."
MK_SSH_02:117,,,"Więc możliwe, że nie mogą być na tyle skonkretyzowane, chociaż….","So possibly they can't be specific enough, although...","P: Myślę, że jest to w sensie. Wydaje mi się, że nie są to trudne zmienne do określenia, jakie patrzy na grzyby. || P: Więc, więc myśląc o tym, dlaczego może tych danych brakować? || P: Możliwe, że nie są one skonkretyzowane? || P: Co do, w sensie, jakby to była średnia grzybów, ok, ale nie wiem, każdy się różni. || P: Więc możliwe, że nie mogą być na tyle skonkretyzowane, chociaż…. || P: Powinny móc być na tyle skonkretyzowane, żeby określić, gdzie chociaż większość tego typu grzybów się znajduje, jeśli chodzi o siedlisko lub jaką szerokość ma. || P: Zmienia kolor lub puszcza mleczko w reakcji na uszkodzenie też powinno bardziej się zgadzać. Co do… || P: Szczerze, nie do końca wiem, skąd może to wynikać, że brakuje tych danych. || P: Patrząc na to, że myślę, że w encyklopedii, z której, encyklopedii, ze zbioru danych, z którego było to brane myślę, że raczej byłby określony na przykład kolor kapelusza czy jego kształt dotyczący danego grzyba.","P: I think it is, in a sense. It seems to me these aren't hard variables to determine when looking at mushrooms. || P: So, thinking about it, why might this data be missing? || P: Possibly they're not made specific? || P: As for — I mean, if it were an average of mushrooms, OK, but I don't know, each one differs. || P: So possibly they can't be specific enough, although... || P: They should be able to be specific enough to determine where at least the majority of this type of mushroom is found — as for habitat — or what width it has. || P: 'Changes color or exudes latex in reaction to damage' should also line up better. As for... || P: Honestly, I don't quite know what could cause this data to be missing. || P: Looking at it — I think in the encyclopedia, the dataset it was taken from, it would rather specify, for example, the cap color or shape for a given mushroom."
PK_DE_08:72,,,"No właśnie tak. Ten model osiągnął dokładność na poziomie 99,97%. To świadczy o jego wysokiej skuteczności w odróżnianiu grzybów jadalnych od niejadalnych lub trujących. Wysoka dokładność. Model sztucznie, przepraszam, skutecznie identyfikuje, czy dany grzyb jest jadalny, czy niejadalny lub trujący, opierając się na analizie różnych cech owocnika. Decyzje modelu opierają się wyłącznie na danych, które zostały mu dostarczone. Oznacza to, że model wykorzystuje dostępne informacje do wyciągania wniosków, ale nie posiada wiedzy poza poza zakresem danych. Ograniczenia modelu. Chociaż model jest bardzo dokładny, należy pamiętać, że o jego ograniczeniach, nie jest on w stanie uwzględnić wszystkich możliwych czynników wpływających na jadalność grzybów, które mogą być znane ekspertom. Model stanowi dodatkowe narzędzie wspomagające identyfikację grzybów, jednakże ze względu na ograniczenia modelu zaleca się, aby nie traktować jego predykcji jako ostatecznego wyznacznika decyzji, a raczej jako jeden z elementów procesie identyfikacji grzybów. W naszym badaniu zastosowano standardową metodę podziału danych na 2 grupy, jedną do nauki modelu, zbiór treningowy, i 2 do jego testowania, zbiór testowy. No i to jest bardzo mądre, że nie jest to ostateczna, że tak powiem, ocena, tylko może być wstępna, wstępne, wstępna, że tak powiem identyfikacja. I to jest bardzo mądre.","Right. This model achieved 99.97% accuracy. This attests to its high effectiveness in distinguishing edible mushrooms from inedible or poisonous ones. High accuracy. The model — artificially, sorry — effectively identifies whether a given mushroom is edible or inedible/poisonous, based on analysis of various features of the fruiting body. The model's decisions rest solely on the data provided to it. This means the model uses available information to draw conclusions, but has no knowledge beyond the data's scope. Model limitations. Although the model is very accurate, its limitations should be remembered — it can't take into account all possible factors affecting mushroom edibility that may be known to experts. The model is an additional tool supporting mushroom identification; however, due to its limitations it's recommended not to treat its predictions as the final determinant of a decision, but rather as one element in the identification process. In our study we used the standard method of splitting the data into 2 groups, one for training the model (training set) and one for testing it (test set). And that's very wise, that it's not the final assessment but can be a preliminary identification. Very wise.","P: Zgadza się, no to mamy chyba wszystko. To była dziesiątka, tak? || INT:  Aha, tak skończyliśmy dziesiątkę, świetnie. To teraz mamy jedenastkę, slajd tekstowy. || P: Momencik, w badaniu wykorzystano zaawansowane model uczenia maszynowego, znany jako klasyfikator wzmocnienia gradientowego. Nie wiem, co to znaczy. Nie znam tego słowa. || INT:  To jest informatyczne jakieś sformułowanie. || P: No właśnie tak. Ten model osiągnął dokładność na poziomie 99,97%. To świadczy o jego wysokiej skuteczności w odróżnianiu grzybów jadalnych od niejadalnych lub trujących. Wysoka dokładność. Model sztucznie, przepraszam, skutecznie identyfikuje, czy dany grzyb jest jadalny, czy niejadalny lub trujący, opierając się na analizie różnych cech owocnika. Decyzje modelu opierają się wyłącznie na danych, które zostały mu dostarczone. Oznacza to, że model wykorzystuje dostępne informacje do wyciągania wniosków, ale nie posiada wiedzy poza poza zakresem danych. Ograniczenia modelu. Chociaż model jest bardzo dokładny, należy pamiętać, że o jego ograniczeniach, nie jest on w stanie uwzględnić wszystkich możliwych czynników wpływających na jadalność grzybów, które mogą być znane ekspertom. Model stanowi dodatkowe narzędzie wspomagające identyfikację grzybów, jednakże ze względu na ograniczenia modelu zaleca się, aby nie traktować jego predykcji jako ostatecznego wyznacznika decyzji, a raczej jako jeden z elementów procesie identyfikacji grzybów. W naszym badaniu zastosowano standardową metodę podziału danych na 2 grupy, jedną do nauki modelu, zbiór treningowy, i 2 do jego testowania, zbiór testowy. No i to jest bardzo mądre, że nie jest to ostateczna, że tak powiem, ocena, tylko może być wstępna, wstępne, wstępna, że tak powiem identyfikacja. I to jest bardzo mądre. || INT:  Z tym się pan zgadza?  || P: Tak, zdecydowanie.  || INT:  Wspaniale, to zostały nam…  || P: Mamy następny, co mamy? To mamy dwunastkę. W takim razie karteczkę sobie przerzucę.","P: Right, so we have everything I think. That was the tenth, right? || INT: Aha, so we finished the tenth, great. Now we have the eleventh, a text slide. || P: One moment — the study used an advanced machine-learning model known as a gradient-boosting classifier. I don't know what that means. I don't know that word. || INT: It's some IT term. || P: Right. This model achieved 99.97% accuracy. This attests to its high effectiveness in distinguishing edible mushrooms from inedible or poisonous ones. High accuracy. The model — artificially, sorry — effectively identifies whether a given mushroom is edible or inedible/poisonous, based on analysis of various features of the fruiting body. The model's decisions rest solely on the data provided to it. This means the model uses available information to draw conclusions, but has no knowledge beyond the data's scope. Model limitations. Although the model is very accurate, its limitations should be remembered — it can't take into account all possible factors affecting mushroom edibility that may be known to experts. The model is an additional tool supporting mushroom identification; however, due to its limitations it's recommended not to treat its predictions as the final determinant of a decision, but rather as one element in the identification process. In our study we used the standard method of splitting the data into 2 groups, one for training the model (training set) and one for testing it (test set). And that's very wise, that it's not the final assessment but can be a preliminary identification. Very wise. || INT: Do you agree with that? || P: Yes, definitely. || INT: Wonderful, so we have left... || P: We have the next — what do we have? The twelfth. In that case I'll flip the card over."
MZ_SSH_02:273,,,"Tabelka znaczy tabelka, która nie jest jakby ujęta w tabelce, jest mniej czytelna, niż mogła być według mnie.","A table — I mean, a table that isn't laid out as a table is less legible than it could have been, in my opinion.","P: I też właśnie był taki podłużny, czyli tak jak te cechy tutaj wskazują. || P: O K, czyli wszystko tutaj na tym slajdzie, przechodzę do slajdu 10. || P: Analiza kontrfaktyczna. || P: Ok. || P: Tabelka znaczy tabelka, która nie jest jakby ujęta w tabelce, jest mniej czytelna, niż mogła być według mnie. || P: Po prawej są. || P: Jest jest wytłumaczenie. Czym jest ta analiza? || P: Jest. Są jakieś objaśnienia? || P: W objaśnieniach jest wskazane, co jest najważniejsze, co jest na plus?","P: And it was also that elongated one, so just as these features indicate here. || P: OK, so everything here on this slide — I'm moving to slide 10. || P: Counterfactual analysis. || P: Ok. || P: A table — I mean, a table that isn't laid out as a table is less legible than it could have been, in my opinion. || P: They're on the right. || P: There is an explanation. What is this analysis? || P: There is. Are there any explanations? || P: In the explanations, is it indicated what's most important, what's a plus?"
DR_IT_05:242,,," Zostanie stwierdzić, bo nie Jestem w stanie sobie przypomnieć właśnie takich średnic kapelusz, jak tylko poruszę to duże czy kapelusze są małe.","Hard to state, because I can't recall such cap diameters, only whether they're big or the caps are small.","P:  Wypominając dopuszczenia mleczka, które wydają się nawet ważniejsze niż całego trzonu, więc mając jakąś tam wiedzę, powiedzmy na to to sympatyczne to uwagę, że to pytanie istotna może faktycznie. || P:  Może tak istotna tylko na podstawie samej statystyki tego, że większość próbujących tak faktycznie ma. No ale z 2 strony można się kłócić, że większość tak ma być. To więc. || P:  Ciężko mi to stwierdzić o K? || INT: Czy wyniki przedstawione na tym wykresie są zgodne z pani wiedzą o grzybach i doświadczeniem? || P:  Zostanie stwierdzić, bo nie Jestem w stanie sobie przypomnieć właśnie takich średnic kapelusz, jak tylko poruszę to duże czy kapelusze są małe. || P:  Po prostu nie Jestem w stanie sobie po prostu zwizualizować, nawet rozmiarowo i wygląda, że trujące słyszałam o tym o tym puszczaniu. Mleczka pracy na szkodzenia. || P:  A. || P:  To jest jakimś stopniu, zgodnie z moją wiedzą. || P:  Te kończone były, żeby nie słyszałem, żeby mają brązowy kolor, stanowiąc to może ze świadczeń z mojej wiedzy.","P: Noting the latex-exuding, which seems even more important than the whole stipe — so with some knowledge, let's say, I'd note that this question may indeed be important. || P: Maybe important only based on the mere statistic that most of the tested ones actually have it. But on the other hand you could argue that most are supposed to. So. || P: It's hard for me to state, OK? || INT: Are the results shown on this chart consistent with your knowledge of mushrooms and your experience? || P: Hard to state, because I can't recall such cap diameters, only whether they're big or the caps are small. || P: I simply can't visualize it, even size-wise, and it looks like the poisonous ones — I've heard about this latex-exuding on damage. || P: A. || P: That's to some extent consistent with my knowledge. || P: Those, as far as I've heard, are that they have a brown color — which may, from my knowledge, be telling."
PK_DE_13:123,,,"Tak. Na podstawie opisu… Tak, no, wielu danych brakuje. Poza tym, tak jak już mówiłem na samym początku, ja nie mam zielonego pojęcia, jak ten wyjściowy zestaw danych wyglądał, choćby dlatego, że ja nie znam zbyt dobrze grzybów Ameryki Północnej. Jeśli tam jest jakaś pula gatunków, która, a w tym zestawie… rozumiem, że nie zostały z tego zestawu odrzucone gatunki, które występują tylko w Ameryce Północnej i wybrane te, które są wspólne, to w tym momencie może być cała grupa gatunków, o których ja…, które mi nie przychodzą do głowy, a w rzeczywistości to jest gatunek, który tam jest pospolity nawet, i na przykład jest jadalny albo trujący. Więc to już to jest pierwsza trudność, która się pojawia. Druga trudność, która się pojawia, to jest to brak pewnych cech, na które się patrzy właśnie, no jak wygląda powierzchnia trzonu czy typ hymenoforu. No, domyślnie rozumiem, że jest blaszkowy, ponieważ taki był ten zestaw danych na początku podany, natomiast… nato… i wiemy do tego wszystkiego, że blaszki są są pomarańczowe, natomiast trudno jest też powiedzieć, no, ważne z punktu widzenia mykologa, na przykład sposób przyrastania blaszek, prawda? Czy te blaszki są z jakimś obrzeżeniem, czy nie? Tego nam tutaj brakuje, to jest dość masywny grzyb, tak że próbuję sobie wymyślić, co to mogłoby być jeszcze, biorąc pod uwagę, że na samym starcie był niejadalny lub trujący, być może jakaś maślanka, być może jakaś… jaki gatunek z rodzaju hebeloma, czyli włośnianka, trudno jest mi powiedzieć. Natomiast, no, absolutnie kluczowe jest również dla mnie, to znaczy takie podejrzane, dlaczego tylko i wyłącznie wydłużenie trzonu powoduje, że algorytm nagle zmienia zaklasyfikowanie, tym bardziej że, tak jak wspomniałem, nie do końca wiemy, jak te grzyby były fotografowane, te na samym starcie, a po drugie sposób wzrostu owocników jest czasami tak deformujący sam owocnik, na przykład owocniki wyrastające gdzieś, nie wiem, z takich miejsc, gdzie mamy zwaloną dużą ilość drewna, ten trzon się właśnie przebija przez dość grubą warstwę właśnie takiego materiału, żeby na końcu utworzyć właśnie ten ostateczny kapelusz. To potem się okaże, jak ktoś szarpnie dobrze, to wyrwie z tym strasznie długim trzonem i i może to być dość mocne przekłamanie. Owszem, to są rzadkie przypadki, ale należy je również brać pod uwagę, tak że ten zestaw cech, dla mnie jako dla osoby, która z grzybami pracuje… z grzybami europejskimi przynajmniej, to jest trochę mało, żeby w sposób jednoznaczny zaklasyfikować ten ten owocnik do jakiegoś… jakiejś konkretnej grupy systematycznej.","Yes. Based on the description... Yes, a lot of data is missing. Besides, as I said at the very beginning, I have no idea what this original dataset looked like, if only because I don't know North American mushrooms very well. If there's some pool of species there, and in this set... I understand that species occurring only in North America weren't discarded and only the shared ones chosen, then there could be a whole group of species that don't come to mind but which in reality are common there and are, say, edible or poisonous. So that's the first difficulty. The second is the absence of certain features one looks at — how the stipe surface looks, or the hymenophore type. By default I understand it's gilled, because that's how the dataset was given at the start; and we also know the gills are orange, but it's also hard to say — important from a mycologist's point of view — for example the way the gills attach, right? Whether these gills have some edging or not? That's missing; it's a fairly massive mushroom, so I'm trying to think what else it could be, given it started as inedible or poisonous — maybe some Hypholoma, maybe some Hebeloma (poisonpie); it's hard to say. But absolutely crucial to me — and suspicious — is why solely lengthening the stipe suddenly makes the algorithm change the classification, all the more since we don't quite know how these mushrooms were photographed at the start, and secondly the way fruiting bodies grow sometimes deforms the fruiting body itself — for example ones growing from places with a lot of fallen wood, the stipe pushes through a thick layer to finally form the cap. Then if someone yanks it hard, they pull it out with a terribly long stipe, and it can be quite a distortion. Yes, these are rare cases, but they should be taken into account too, so this set of features, for me as someone who works with mushrooms — European ones at least — is a bit too little to unambiguously classify this fruiting body into any specific systematic group.","INT:  Tak. || P: No mówię, to jest takie takie…, no bo rozumiem, że to nie jest grzyb, jeszcze patrzę, badany realnie w przyrodzie, czyli to był gatunek, który gdzieś tam został znaleziony, tak? Znaczy okaz jakiś tam, zdjęcie czy coś takiego, no. || INT:  A jak pan reaguje na to, że jest trudność w zidentyfikowaniu gatunku opisanego w tym pierwotnym rekordzie? || P: Bo jak rozumiem, pan teraz tego dopasowania szuka, próbuje pan zidentyfikować gatunek na podstawie opisu cech tych makroskopowych, no głównie makroskopowych, biorąc pod uwagę liczne luki w danych też, bo „podstawa trzonu: brak”. || P: Tak. Na podstawie opisu… Tak, no, wielu danych brakuje. Poza tym, tak jak już mówiłem na samym początku, ja nie mam zielonego pojęcia, jak ten wyjściowy zestaw danych wyglądał, choćby dlatego, że ja nie znam zbyt dobrze grzybów Ameryki Północnej. Jeśli tam jest jakaś pula gatunków, która, a w tym zestawie… rozumiem, że nie zostały z tego zestawu odrzucone gatunki, które występują tylko w Ameryce Północnej i wybrane te, które są wspólne, to w tym momencie może być cała grupa gatunków, o których ja…, które mi nie przychodzą do głowy, a w rzeczywistości to jest gatunek, który tam jest pospolity nawet, i na przykład jest jadalny albo trujący. Więc to już to jest pierwsza trudność, która się pojawia. Druga trudność, która się pojawia, to jest to brak pewnych cech, na które się patrzy właśnie, no jak wygląda powierzchnia trzonu czy typ hymenoforu. No, domyślnie rozumiem, że jest blaszkowy, ponieważ taki był ten zestaw danych na początku podany, natomiast… nato… i wiemy do tego wszystkiego, że blaszki są są pomarańczowe, natomiast trudno jest też powiedzieć, no, ważne z punktu widzenia mykologa, na przykład sposób przyrastania blaszek, prawda? Czy te blaszki są z jakimś obrzeżeniem, czy nie? Tego nam tutaj brakuje, to jest dość masywny grzyb, tak że próbuję sobie wymyślić, co to mogłoby być jeszcze, biorąc pod uwagę, że na samym starcie był niejadalny lub trujący, być może jakaś maślanka, być może jakaś… jaki gatunek z rodzaju hebeloma, czyli włośnianka, trudno jest mi powiedzieć. Natomiast, no, absolutnie kluczowe jest również dla mnie, to znaczy takie podejrzane, dlaczego tylko i wyłącznie wydłużenie trzonu powoduje, że algorytm nagle zmienia zaklasyfikowanie, tym bardziej że, tak jak wspomniałem, nie do końca wiemy, jak te grzyby były fotografowane, te na samym starcie, a po drugie sposób wzrostu owocników jest czasami tak deformujący sam owocnik, na przykład owocniki wyrastające gdzieś, nie wiem, z takich miejsc, gdzie mamy zwaloną dużą ilość drewna, ten trzon się właśnie przebija przez dość grubą warstwę właśnie takiego materiału, żeby na końcu utworzyć właśnie ten ostateczny kapelusz. To potem się okaże, jak ktoś szarpnie dobrze, to wyrwie z tym strasznie długim trzonem i i może to być dość mocne przekłamanie. Owszem, to są rzadkie przypadki, ale należy je również brać pod uwagę, tak że ten zestaw cech, dla mnie jako dla osoby, która z grzybami pracuje… z grzybami europejskimi przynajmniej, to jest trochę mało, żeby w sposób jednoznaczny zaklasyfikować ten ten owocnik do jakiegoś… jakiejś konkretnej grupy systematycznej. || INT:  Bardzo serdecznie dziękuję. || P: Ja jestem wzrokowcem tak w ogóle, więc to jest kolejna rzecz, że że sam opis to jest dla mnie troszkę mało. Ja wolę jednak mieć okaz w dłoniach, tak jak nawet… jak oznaczam czasami materiał, który ktoś zebrał i… to zawsze mówię: dopóki mi nie przyślesz tego suchego okazu, ja sobie nie zrobię sam preparatów mikroskopowych, to ja mam zawsze wątpliwości, nawet jak dokumentacja fotograficzna jest dobra. Kolejna rzecz, i tu od razu uprzedzam, bo to może być pewien błąd taki, jeśli chodzi o wzięcie mnie jako eksperta, ja jestem osobą, która korzysta głównie z mikroskopu przy oznaczeniu grzybów. I to powoduje, że ja na bardzo dużą ilość cech…. I ja bardzo dużo, bardzo często pracuję na materiale suchym, tak że te cechy, które są, to są albo są tylko na zdjęciach, albo czasami w ogóle nie mam zdjęcia i zauważam na przykład w porównaniu do moich znajomych, którzy zajmują się bardziej amatorsko grzybami, że cechy, na które oni zwracają uwagę na świeżym owocniku, zauważają, że jakieś tam drobiazgi, to mówię: OK, to ja w ogóle na to nie zwróciłem uwagi, bo dla mnie te dwa gatunki tak bardzo różnią się, jeżeli spojrzę na przykład na kształt zarodników, że w ogóle nie szukałem cech, które pozwalają zróżnicować te owocniki bez zajrzenia w w ten obraz mikroskopowy, nie. Tak że pod tym względem to jest... to jest na pewno pewne spaczenie i takie... taki błąd, jeśli chodzi o porównanie kogoś, kto opiera się czy pracuje głównie z mikroskopem, i kogoś, kto jest z kolei takim użytkownikiem, który idzie do lasu i na pewno nigdy pod mikroskop tego grzyba nie wrzuci. I to jest to, co my nazywamy w tym się takim środowisku mykologicznym opatrzeniem, nie, ma się opatrzone jakieś grzyby, jakąś grupę czy jakieś... czy grzyby w ogóle. Czasami są osoby, które zwracają uwagę właśnie na tak drobne, tak subtelne różnice, że: „skąd ty to wiesz? No nie wiem, no po prostu dla mnie to jest charakter…, to widać od razu”. Ja mówię: „a ja nie widzę na przykład, nie, ja muszę zerknąć pod mikroskopem, jak to wygląda.” Z kolei są jakieś takie gatunki, które ja rozpoznaję bez żadnego pudła, a z kolei inni mówią: „skąd wiedziałeś?” No, ja mówię: „no bo jest minimalnie bardziej brązowy na przykład, nie”. Ale to, ale to są takie cechy bardzo ulotne, nie. || INT:  Myślę, nie ma tu już więcej nic i teraz sobie przejdziemy do następnego slajdu. To jest slajd informacyjny. Bardzo proszę przeczytać, jeśli byłyby jakiekolwiek uwagi, to to wsłuchujemy się. || P: Mhm, a mam jeszcze takie pytanie odnośnie poprzedniego slajdu, bo miałem jedno zadać i zapomniałem. Tam była taka cecha, może, nie wiem, czy możemy się do tego slajdy ewentualnie cofnąć.","INT: Yes. || P: Well, I mean, this is such... because I understand this isn't a mushroom — I'm still looking — studied in the wild, i.e. it was a species found somewhere, right? I mean some specimen, a photo or something. || INT: And how do you react to there being difficulty in identifying the species described in this original record? || P: Because as I understand, you're now looking for that match, trying to identify the species based on the description of these macroscopic features — mainly macroscopic — taking into account the numerous gaps in the data too, because 'stipe base: absent.' || P: Yes. Based on the description... Yes, a lot of data is missing. Besides, as I said at the very beginning, I have no idea what this original dataset looked like, if only because I don't know North American mushrooms very well. If there's some pool of species there, and in this set... I understand that species occurring only in North America weren't discarded and only the shared ones chosen, then there could be a whole group of species that don't come to mind but which in reality are common there and are, say, edible or poisonous. So that's the first difficulty. The second is the absence of certain features one looks at — how the stipe surface looks, or the hymenophore type. By default I understand it's gilled, because that's how the dataset was given at the start; and we also know the gills are orange, but it's also hard to say — important from a mycologist's point of view — for example the way the gills attach, right? Whether these gills have some edging or not? That's missing; it's a fairly massive mushroom, so I'm trying to think what else it could be, given it started as inedible or poisonous — maybe some Hypholoma, maybe some Hebeloma (poisonpie); it's hard to say. But absolutely crucial to me — and suspicious — is why solely lengthening the stipe suddenly makes the algorithm change the classification, all the more since we don't quite know how these mushrooms were photographed at the start, and secondly the way fruiting bodies grow sometimes deforms the fruiting body itself — for example ones growing from places with a lot of fallen wood, the stipe pushes through a thick layer to finally form the cap. Then if someone yanks it hard, they pull it out with a terribly long stipe, and it can be quite a distortion. Yes, these are rare cases, but they should be taken into account too, so this set of features, for me as someone who works with mushrooms — European ones at least — is a bit too little to unambiguously classify this fruiting body into any specific systematic group. || INT: Thank you very much indeed. || P: I'm a visual person in general, so that's another thing — the description alone is a bit too little for me. I prefer to have the specimen in my hands. When I sometimes identify material someone collected, I always say: until you send me the dried specimen so I can make microscope preparations myself, I always have doubts, even if the photographic documentation is good. Another thing — and I warn you right away, because this may be a certain error in taking me as an expert — I'm someone who mainly uses a microscope for identifying mushrooms. That means that for a very large number of features... I very often work on dried material, so the features that exist are either only in photos, or sometimes I don't have a photo at all, and I notice, compared to my acquaintances who deal with mushrooms more as amateurs, that features they pay attention to on a fresh fruiting body — little details — I say: OK, I didn't pay attention to that at all, because for me these two species differ so much if I look at, say, the spore shape, that I never even looked for features that let you distinguish these fruiting bodies without looking into the microscope image. So in that respect it's certainly a bias and an error when comparing someone who works mainly with the microscope and someone who is a user who goes to the forest and will surely never put the mushroom under a microscope. That's what we call in the mycological community being 'well-acquainted' with some mushrooms, some group. Sometimes there are people who pay attention to such tiny, subtle differences that 'how do you know that?' — 'I don't know, it's just characteristic to me, you can see it right away.' And I say: 'and I don't see it, I have to glance under the microscope.' And conversely there are species I recognize without any error, and others say: 'how did you know?' — 'well, because it's minimally more brown, for example.' But these are very fleeting features. || INT: I think there's nothing more here, and now we'll move to the next slide. It's an informational slide. Please read it; if there are any remarks, we're listening. || P: Mhm, and I have another question about the previous slide, because I meant to ask one and forgot. There was such a feature there — I don't know whether we can go back to that slide."
DR_SSH_01:232,,,"zbierając grzyby były łatwo można się pomylić czy zapomnieć sobie na przykład czy grzyb, jak puszcza mleczko, czy to jest dobrze, czy nie.","when collecting mushrooms you could easily make a mistake or forget, for example, whether a mushroom exuding latex is a good sign or not.","P: Teraz analizuję, które cechy można by zaklasyfikować, żeby odpowiedzieć na to pytanie || P: Wydaje mi się, że zmienna czy mleczko występuje czy nie, czy zmienia kolor, czy nie || P: jest ważna, nawet można powiedzieć, że bardzo ważna, ponieważ jest taka sama wartość na wykresie || P: Dla grzybów trujących i nie, tylko że w odwrotne strony i || P: zbierając grzyby były łatwo można się pomylić czy zapomnieć sobie na przykład czy grzyb, jak puszcza mleczko, czy to jest dobrze, czy nie. || P: A jest to taka dość, wydaje mi się, że mało znana charakterystyka grzybów w społeczeństwie. || INT: Czy wyniki przedstawione na tym wykresie są zgodne z pani wiedzą o grzybach i doświadczeniem?  || P: Teraz analizuję całokształt, żeby odpowiedzieć na pytanie. || P: I ja zbierając grzyby","P: Now I'm analyzing which features could be classified to answer this question || P: It seems to me that the variable of whether latex is present or not, whether it changes color or not, || P: is important — you could even say very important, because there's the same value on the chart || P: For poisonous mushrooms and not, only in opposite directions, and || P: when collecting mushrooms you could easily make a mistake or forget, for example, whether a mushroom exuding latex is a good sign or not. || P: And it's a fairly little-known characteristic of mushrooms in society, it seems to me. || INT: Are the results shown on this chart consistent with your knowledge of mushrooms and your experience? || P: Now I'm analyzing the whole thing to answer the question. || P: And when I collect mushrooms"
MK_IT_06:24,,,"Nie wiem, może się trochę łączą, ale moim zdaniem można by to rozdzielić, bo to mimo wszystko trochę inne dane. Że jak w lasach, no to jakby leśne ścieżki, a miejskie ścieżki. No to jednak co innego.","I don't know, maybe they overlap a bit, but in my opinion you could split this, because it's still somewhat different data. In forests, forest paths; urban paths — that's something different after all.","P: To jest dobre pytanie.  || P: No to w sumie mogę powiedzieć, że nie wszystkie rozumiem, bo przy takiej wizualizacji to może być ciężkie. Przyrośnięte, no to rozumiem, że łączą się z trzonem bezpośrednio, zbiegające może, że są troszeczkę rzadsze u góry, a gęstsze przy trzonie, gdzie się łączą z trzonem. Wykrojone, nie mam pojęcia szczerze mówiąc. Rurki, to tylko może o kształt chodzić, no nie są takie płaskie, tylko może trochę zaokrąglone. Wolne nie wiem. Faliste no to znowu, że po prostu czasem może się układają w takie falki i od spodu grzyba nie są prosto złączone od kapelusza do trzonu. No i brak no to brak. || P: Przedstaw, jak rozumiesz rozkład cech dotyczących typu siedliska. || P: Tak faktycznie ok. Siedlisko. A to tutaj można by chyba rozdzielić, bo są tak ogólnie miejsca, lasy, wrzosowiska, ścieżki miejskie, a z 2 strony są takie bardzo już konkretne ściółki, trawa, liście. || P: Nie wiem, może się trochę łączą, ale moim zdaniem można by to rozdzielić, bo to mimo wszystko trochę inne dane. Że jak w lasach, no to jakby leśne ścieżki, a miejskie ścieżki. No to jednak co innego. || P: Nie wiem, zastanawiam się też, czy w przypadkach jaki jest mało danych jak kolor, hymenofor i kolor zarodników. Czy jest sens wrzucać ten brak danych, bo jednak zaciemnia dokładną ilość grzybów, znaczy tych, które występują w tych różnych kategoriach. Po prostu widać, że jest niewiele, ale nic więcej. || P: Chyba nie mam więcej komentarzy. || P: Może pani przejść do następnego pytania. || P: Ok, to dlaczego w zbiorze brakuje niektórych danych? Z czego wynika to twoim zdaniem?","P: That's a good question. || P: Well, actually I can say I don't understand all of them, because with such a visualization it can be hard. Adnate — I understand they connect directly with the stipe; decurrent, maybe, a bit sparser at the top and denser at the stipe where they connect; notched, honestly no idea; tubes — that could only be about shape, not flat, maybe a bit rounded; free, I don't know; wavy — again, that they sometimes form little waves and from the underside aren't joined straight from cap to stipe; and absent, well, absent. || P: Present how you understand the distribution of features concerning habitat type. || P: Yeah, actually OK. Habitat. You could probably split this, because there are generally places — forests, heaths, urban paths — and on the other hand very specific litters, grass, leaves. || P: I don't know, maybe they overlap a bit, but in my opinion you could split this, because it's still somewhat different data. In forests, forest paths; urban paths — that's something different after all. || P: I'm also wondering whether, in cases with little data like color, hymenophore and spore color, there's any point throwing in this 'no data', because it obscures the exact number of mushrooms occurring in these various categories. You just see there are few, but nothing more. || P: I probably have no more comments. || P: You can move to the next question. || P: OK, so why is some data missing from the set? What causes it, in your opinion?"
DR_SSH_02:283,,," Tak, wysokość trzonu. Bo to jest jedyna wartość, która, jedyny wiersz który ma swoją wartość w kolumnie wartość modyfikowana. Jeżeli się wysokość trzonu zmieni z 1.43 na23.5, to grzyb będzie jadalny. Co już na poprzednich slajdach było, to że wysokie grzyby są niejadalne, tutaj w obserwacji na dole pojawia się również zmiana wysokości trzonu w cm, z 1.43 na 23,2. Tak więc z tego wynika, że jedyną wartością, która zmienia klasyfikację grzyba, jest wysokość trzonu. Wydaje mi się, że cała reszta danych się Nie zmienia, tutaj obserwacje są dokładnie takie same.","Yes, stipe height. Because it's the only value — the only row — that has a value in the 'modified value' column. If the stipe height changes from 1.43 to 23.5, the mushroom will be edible. Which was already on the previous slides — that tall mushrooms are inedible — here in the observation at the bottom there's also a change of stipe height in cm, from 1.43 to 23.2. So it follows that the only value that changes the classification is stipe height. It seems all the rest of the data doesn't change; the observations here are exactly the same.","INT:  Mhm dobrze. Czy Przechodzimy dalej do kolejnego slajdu? Przechodzimy dalej do slajdu 10. || INT: Dobrze tutaj mamy analizę kontrfaktyczną i proszę o opisanie co Pani robi teraz. || P:  Czytam opis slajdu. Mamy tu analizę kontr faktyczną i uzupełnienie brakujących danych. Pisanie o pomocnym badaniu realnie w przyrodzie był trujący. Model przepisał go jako trujący. Dwie analizy na obrazie mówią jakie dane wystarczy zmienić aby owocnik otrzymał jadalne, no ale nie możemy zmienić cech w grzybie, więc troche to z jednej strony bez sensu, z drugiej strony jest to niebezpieczne, bo jeżeli byłyby to dane inne niż grzyby i na przykład chodziło by o zakwalifikowanie jakiejś substancji jako trującej bądź nie, to tak na prawde sztuczna inteligencja podpowiada co zrobić żeby to jednak przełknąć i żeby dalej robili dachy z azbestu.  || INT:  No to tutaj mam dla pani pytanie, czy patrząc na poniższą wizualizację? Jest pani w stanie stwierdzić, jakie zmiany w cechach mają największy wpływ na zmianę klasyfikacji grzyba z niejadalnego trującego na jadalny lub odwrotnie? || P:  Tak, wysokość trzonu. Bo to jest jedyna wartość, która, jedyny wiersz który ma swoją wartość w kolumnie wartość modyfikowana. Jeżeli się wysokość trzonu zmieni z 1.43 na23.5, to grzyb będzie jadalny. Co już na poprzednich slajdach było, to że wysokie grzyby są niejadalne, tutaj w obserwacji na dole pojawia się również zmiana wysokości trzonu w cm, z 1.43 na 23,2. Tak więc z tego wynika, że jedyną wartością, która zmienia klasyfikację grzyba, jest wysokość trzonu. Wydaje mi się, że cała reszta danych się Nie zmienia, tutaj obserwacje są dokładnie takie same. || P:  Natomiast w ogóle wydaje mi się, że sztuczna inteligencja nie powinna uzupełniać Danych. || INT: Dlaczego? || P:  Ponieważ nie mamy pojęcia tak naprawdę skąd bierze te dane i czy są to dane prawdziwe, zaczerpnięte z jakiegoś repozytorium czy są to dane wymyślone. A te wszystkie historie mówiące o tym, że sztuczna inteligencja za każdym razem wypluwa nam inne zakończenie książki sugeruje jednak, że są to dane zmyślone i ktoś mógłby się zatruć. No na pewno nie używałabym takiego modelu do klasyfikowania różnych substancji jako trujące bądź nie na przykład w kontekście dawek leków. || P:  Czy nie wiem, Coca coli, bo ostatnio są afery z Coca Colą. ","INT: Mhm, OK. Are we moving on to the next slide? We're moving on to slide 10. || INT: Good — here we have the counterfactual analysis, and please describe what you're doing now. || P: I'm reading the slide description. Here we have a counterfactual analysis and the filling-in of missing data. It says the study was helpful — in reality in nature it was poisonous. The model relabeled it as poisonous. The two analyses in the image say what data it's enough to change so the fruiting body gets 'edible' — well, but we can't change features in a mushroom, so it's a bit pointless on one hand, and on the other it's dangerous, because if this were data other than mushrooms — say qualifying some substance as poisonous or not — then really the AI is suggesting what to do to swallow it anyway and keep making roofs out of asbestos. || INT: So here I have a question: looking at the visualization below, can you tell which changes in features have the greatest impact on changing the mushroom's classification from inedible/poisonous to edible, or vice versa? || P: Yes, stipe height. Because it's the only value — the only row — that has a value in the 'modified value' column. If the stipe height changes from 1.43 to 23.5, the mushroom will be edible. Which was already on the previous slides — that tall mushrooms are inedible — here in the observation at the bottom there's also a change of stipe height in cm, from 1.43 to 23.2. So it follows that the only value that changes the classification is stipe height. It seems all the rest of the data doesn't change; the observations here are exactly the same. || P: However, I actually think the AI shouldn't be filling in data at all. || INT: Why? || P: Because we have no idea, really, where it gets this data from — whether it's real data drawn from some repository or made-up data. And all those stories about the AI spitting out a different ending of a book every time do suggest it's fabricated data, and someone could get poisoned. I certainly wouldn't use a model like this to classify various substances as poisonous or not — for example in the context of drug doses. || P: Or, I don't know, Coca-Cola, because there've been Coca-Cola scandals lately."
MZ_SSH_03:635,,,"Czyli rząd 2. Różne przykłady, ale to samo pytanie tak, tak pewnie miało być.","So row 2. Different examples, but the same question — that's probably how it was meant.","P: Jest dużo rzeczy na jednym slajdzie. || P: Zidentyfikuj ogólnie metoda ankor. || P: Noise. || P: Identyfikuje cechy, które są najważniejsze do zakwalifikowania grzyba jako jadalnego, ale to niejadalnego, trującego dla obu przykładów. I powiedz, dlaczego te cechy są istotne? || P: Czyli rząd 2. Różne przykłady, ale to samo pytanie tak, tak pewnie miało być. || P: To przykład, czy to jest konkretny przykład i konkretne dane dla konkretnego? || P: Dla konkretnego przykładu. || P: I znowu te wszystkie cechy, które już znamy z poprzednich slajdów. || P: Tutaj został określony jako jadalny przez AI.","P: There's a lot of stuff on one slide. || P: Identify — generally, the anchor method. || P: Noise. || P: It identifies the features most important for classifying the mushroom as edible or inedible/poisonous for both examples. And say why these features are important. || P: So row 2. Different examples, but the same question — that's probably how it was meant. || P: Is this an example — a specific example and specific data for a specific one? || P: For a specific example. || P: And again all these features we already know from the previous slides. || P: Here it was determined as edible by the AI."
MW_SSH_05:122,,,"Kolor trzonu brązowy na pewno nie, bo wiele grzybów ma. Bardzo wiele ma brązowych. To było gdzieś tu. Myślę, że będzie gdzieś tutaj ten. No tak, bardzo dużo jest brązowych grzybów, więc to myślę, że nie ma praktycznie… Prawie że żadnego. Jak mówiłem, to jest szansa na to, że jest. Więc… Zgaduję, że jest więcej trujących brązowych. Też mi się wydaje, że jest więcej trujących, niż jadalnych grzybów ogólnie, tak mi się wydaje, nie jestem ekspertem ani nie znam się tak dobrze. Średnica kapelusza też nie wiem, ta wysokość mi się wydaje właśnie bardzo ważna, szerokość możliwe też, to mleczko mi się też wydaje, bo chyba nie w… Wydaje mi się, że dużo jadalnych grzybów puszcza mleczko, nie chcę sobie wyobrazić więcej niejadalnych, które puszczają mleczko, więc wydaje mi się, że więc wydaje mi się, że to się na pewno zgadza. Te dwie statystyki, jakby to jest po prostu, że szerokość większa niż 5,20? A to tak, mniejsza niż, mniejsza bądź równa. Ok. Też mi się wydaje, że… Bardzo nieczytelne mi się to wydaje.","Brown stipe color, definitely not, because many mushrooms have it. Very many are brown. It was somewhere here. Well yes, there are lots of brown mushrooms, so I think it practically rules out almost none. As I said, it's a chance that it is. So... I'd guess there are more poisonous brown ones. It also seems to me there are more poisonous than edible mushrooms in general — that's how it seems, I'm not an expert. Cap diameter I also don't know; the height seems to me very important, width possibly too; the latex also seems important, because I think a lot of edible mushrooms exude latex, and I don't want to imagine more inedible ones that do, so this definitely checks out. These two statistics — it's just that the width is greater than 5.20? Oh right, less than, less than or equal to. OK. I also find it very illegible.","P: Cechy, które zwiększają prawdopodobieństwo zaklasyfikowania grzyba jako niejadalnego, trującego. Niejadalnego lub trującego. To na pewno wszystko co jest na czerwono, szerokość trzonu, zmienia kolor, wypuszcza mleczko i tak dalej, bo jest to w stronę trującego, bo to jest większe prawdopodobieństwo klasy. Tak to dobrze to jest w drugą stronę to będą jadalne po prostu. || P: A drugie pytanie. || P: Czy można założyć (ns - 00:48:40), że istnieją przypadki, kiedy cecha, która jest mało istotna lub (ns - 00:48:44), czy można założyć na podstawie wykresu, że istnieją przypadki, kiedy cecha, która jest mało istotna i/lub średnio istotna, może stać się bardzo ważna? Na podstawie tego tylko wykresu? Tylko i wyłącznie. Nie mam takiego przypadku, czy jest? Z doświadczenia wiem, że to może być często mało lub, takie mało lub mogą, takie cechy mogą świadczyć, bo nawet inne wszystkie są takie same. W sensie, że jest dużo takich, wiem, że są grzyby, które wyglądają jak jadalne, a mają jakąś tam jedną cechę, która typu że przekroisz, jeden był taki, że przekroisz tam sinieje chyba w środku. To jest jedyna cecha, która go rozróżnia od jadalnego jakby rodzaju. || INT: A czy te cechy, które tutaj są podane jako takie, które powiedzmy zwiększają prawdopodobieństwo, że grzyb jest trujący, czy one się wydają panu zgodne z taką wiedzą potoczną, że to faktycznie tak jest? || P: Kolor trzonu brązowy na pewno nie, bo wiele grzybów ma. Bardzo wiele ma brązowych. To było gdzieś tu. Myślę, że będzie gdzieś tutaj ten. No tak, bardzo dużo jest brązowych grzybów, więc to myślę, że nie ma praktycznie… Prawie że żadnego. Jak mówiłem, to jest szansa na to, że jest. Więc… Zgaduję, że jest więcej trujących brązowych. Też mi się wydaje, że jest więcej trujących, niż jadalnych grzybów ogólnie, tak mi się wydaje, nie jestem ekspertem ani nie znam się tak dobrze. Średnica kapelusza też nie wiem, ta wysokość mi się wydaje właśnie bardzo ważna, szerokość możliwe też, to mleczko mi się też wydaje, bo chyba nie w… Wydaje mi się, że dużo jadalnych grzybów puszcza mleczko, nie chcę sobie wyobrazić więcej niejadalnych, które puszczają mleczko, więc wydaje mi się, że więc wydaje mi się, że to się na pewno zgadza. Te dwie statystyki, jakby to jest po prostu, że szerokość większa niż 5,20? A to tak, mniejsza niż, mniejsza bądź równa. Ok. Też mi się wydaje, że… Bardzo nieczytelne mi się to wydaje. || INT: Czy coś jeszcze tutaj do tego wykresu? || P: Te dwa rekordy, znaczy te dwa… Te dwie statystyki, dwa opisy, (ns - 00:52:25) trochę mnie… Aha, dobra, bo to jest zapisane jak w kodzie by było zapisane. Dobra, to rozumiem już. Jest zmienna i jako zmienna jest przypisywana zmienia kolor puszcza mleczko lub nie zmienia koloru i puszcza mleczko. Ok, dobra, tak mnie to dziwiło i w sumie też to jest dobry, myślę, że dobry feedback, że z jakiegoś powodu to jest napisane tak, jakby to program interpretował, jakby to miało być dla interpretacji przez program, jak zmienne, w sumie dlatego są te podkreślenia. Szkoda, że, dziwne, że wcześniej ja tego nie zauważyłem, ale jest napisane tak jakby to miał interpretować komputer, a nie człowiek, te wykresy. To na pewno jest duża rzecz. Tak, bo jest, nie ma napisane, że mniejsze niż, tylko jest mniejsze bądź równe, tylko są znaki. Tak samo to jest podwójny znak równania, nie pojedynczy. To jest tylko w programowaniu się tak zapisuje z tego co wiem. (anonimizacja). To jest wszystko na co? || INT: Tak, do tego slajdu chyba. Wszystko możemy sobie przejść dalej. || P: Dziesiąty. (ns - 00:53:43) Jak wypełnienie (ns - 00:53:51) danych w opisie konkretnego owocnika wpływa na zmianę predykcji jego jadalności. Opisany na wizualizacji owocnik badany realnie w przyrodzie był niejadalny trujący. No to AI poprawnie przypisał go do przewidywalnej klasy niejadalny trujący. Dwie przedstawione na obrazie analizy kontrfaktyczne mówią jakie dane wystarczy zmienić, aby ten owocnik otrzymał predykcję niejadalną. Analizy mówią jakie dane wystarczy zmienić, żeby na jadalne. Wartość pierwotna, dana (ns - 00:54:27). Ok.","P: Features that increase the probability of classifying a mushroom as inedible/poisonous. That's definitely everything in red — stipe width, changes color, exudes latex, and so on, because it's toward poisonous, a higher class probability. And the other way round it'll simply be edible. || P: And the second question. || P: Can we assume (ns - 00:48:40) that there are cases where a feature that's barely important or (ns - 00:48:44) — can we assume, based on the chart, that there are cases where a feature that is barely and/or moderately important can become very important? Based on this chart alone? Solely. I don't have such a case — is there one? From experience I know it can often be minor; such features can be telling, because even all the others are the same. I mean, there are many such — I know there are mushrooms that look edible but have some one feature, like when you cut it — one was such that when you cut it, it turns blue inside, I think. That's the only feature distinguishing it from the edible kind. || INT: And do these features listed here as, say, increasing the probability that the mushroom is poisonous — do they seem to you consistent with common knowledge, that it's actually so? || P: Brown stipe color, definitely not, because many mushrooms have it. Very many are brown. It was somewhere here. Well yes, there are lots of brown mushrooms, so I think it practically rules out almost none. As I said, it's a chance that it is. So... I'd guess there are more poisonous brown ones. It also seems to me there are more poisonous than edible mushrooms in general — that's how it seems, I'm not an expert. Cap diameter I also don't know; the height seems to me very important, width possibly too; the latex also seems important, because I think a lot of edible mushrooms exude latex, and I don't want to imagine more inedible ones that do, so this definitely checks out. These two statistics — it's just that the width is greater than 5.20? Oh right, less than, less than or equal to. OK. I also find it very illegible. || INT: Anything else here for this chart? || P: These two records — I mean these two statistics, two descriptions (ns - 00:52:25) — puzzle me a bit... Ah, OK, because it's written the way it would be written in code. OK, I understand now. There's a variable, and as a variable it's assigned: changes color, exudes latex, or doesn't change color and exudes latex. OK — that's what puzzled me, and it's actually good feedback, I think, that for some reason it's written as if a program were to interpret it, as variables — that's actually why there are these underscores. A pity, and strange, that I didn't notice this earlier, but it's written as if a computer, not a human, were to interpret these charts. That's definitely a big thing. Yes, because it's not written 'less than', it's 'less than or equal to' — just symbols. Likewise it's a double equals sign, not a single one. That's only written that way in programming, as far as I know. (anonymization). Is that everything? || INT: Yes, for this slide I think. We can move on. || P: Slide ten. (ns - 00:53:43) How filling in (ns - 00:53:51) the data in the description of a specific fruiting body affects the change in its edibility prediction. The fruiting body described in the visualization, studied in the wild, was inedible/poisonous. So the AI correctly assigned it to the predicted class inedible/poisonous. The two counterfactual analyses shown in the image say what data it's enough to change so this fruiting body gets an inedible prediction. The analyses say what data it's enough to change for edible. Original value, the datum (ns - 00:54:27). OK."
MK_IT_03:174,,,"No i pewnie to byłby taki przypadek, kiedy byłyby różne rzeczy, które przemawiają za tym, że może być jadalny, niejadalny i to akurat ten kolor trzonu, by który ma małą jakąś uwagę, by przechylił oczekiwanie, właśnie predykcję w stronę, w stronę tego, żeby grzyb był raczej niejadalny. No co akurat w przypadku grzybów ma bardzo duże znaczenia. Więc domyślam się, że ważne jest, żeby taki model, właśnie rozstrzygał dobrze takie konflikty. Faktycznie w takich w takich momentach bardzo ważnych.","And that would probably be a case where various things argue that it could be edible or inedible, and just this stipe color, which carries some small note, would tip the prediction toward the mushroom being rather inedible. Which in mushrooms matters a great deal. So I imagine it's important that such a model resolves such conflicts well. Indeed, at such very important moments.","P: Że szansa jest wtedy trochę tylko większa, a to jest może dla jakiejś małej ilości przypadków, bo co to jest mało istotne, albo średnia istotna cecha? || P: Rozumiem, że istotność, że bardzo istotna to jest jak to odchylenie jest duża, a mało istotne jest, jak jest duże. || P: No ale pewnie istnieje jakieś przypadki, gdzie akurat sklasyfikowania koloru trzon jako brązowego. Akurat w tym konkretnym przypadku będzie stanowić jakiś. || P: Właśnie jakąś informację, która będzie przeważać na sklasyfikowaniu grzyba jako akurat trującego, a nie, niejadalnego, więc znaczy, a nie jadalnego. || P: No i pewnie to byłby taki przypadek, kiedy byłyby różne rzeczy, które przemawiają za tym, że może być jadalny, niejadalny i to akurat ten kolor trzonu, by który ma małą jakąś uwagę, by przechylił oczekiwanie, właśnie predykcję w stronę, w stronę tego, żeby grzyb był raczej niejadalny. No co akurat w przypadku grzybów ma bardzo duże znaczenia. Więc domyślam się, że ważne jest, żeby taki model, właśnie rozstrzygał dobrze takie konflikty. Faktycznie w takich w takich momentach bardzo ważnych. || P: Czy wyniki przedstawione na tym wykresie są zgodne z twoją grzywką? Swoim o grzybach i doświadczeniem? No tak, jak mówię nie mam dużej wiedzy o grzybach i doświadczeniu. Raczej po prostu idę po tym, czy są blaszki czy rurki. Ale faktycznie, teraz będę wiedział, że jeżeli na przykład trzony jest właśnie wąski albo jest wysoki, no to znaczy, że jest raczej trujący.  || P: Dobrze. Teraz przejdę do 10 slajdu. || P: Jest to analiza kontrfaktyczna, czyli jak uzupełnienie przez AI podstawowych, brakujących danych określa konkretnego owocnika i wpływa na zmianę predykcji jego jadalności. || P: A wyjaśnienia, opisany wizualizacji owocnik badający, badany realnie w przyrodzie był niejadalny, trujący.","P: That the chance is then only a bit greater, and maybe for some small number of cases — because what is a barely-important or moderately-important feature? || P: I understand significance as: very significant is when the deviation is large, and barely significant is when it's [also] large. || P: But there are probably some cases where classifying the stipe color as brown, in this specific case, will constitute some || P: information that will tip the classification of the mushroom toward poisonous rather than inedible — I mean, rather than edible. || P: And that would probably be a case where various things argue that it could be edible or inedible, and just this stipe color, which carries some small note, would tip the prediction toward the mushroom being rather inedible. Which in mushrooms matters a great deal. So I imagine it's important that such a model resolves such conflicts well. Indeed, at such very important moments. || P: Are the results shown on this chart consistent with your knowledge of mushrooms and experience? Well, as I say, I don't have much knowledge or experience with mushrooms. I rather just go by whether there are gills or tubes. But indeed, now I'll know that if, for example, the stipe is narrow or tall, it means it's rather poisonous. || P: OK. Now I'll move to slide 10. || P: It's a counterfactual analysis, i.e. how the AI's filling in of basic missing data determines a specific fruiting body and affects the change in its edibility prediction. || P: And the explanation: the fruiting body described in the visualization, studied in the wild, was inedible, poisonous."
MK_IT_06:122,,,"Jeszcze doczytuję dokładnie te dwie wersje tych cech, bo nie do końca chyba zrozumiałam. ","I'm still reading these two versions of the features closely, because I don't think I fully understood.","P: I tutaj chyba jednak kolory by się przydało zmienić, bo jednak jasne, fioletowy, ciemny, fioletowy, chyba że taki był zamiar, to też tak może być, ale jeżeli miałabym spróbować coś wywnioskować na podstawie tej różnicy, no to jest trochę niewidoczne. || P: Przejdę dalej. Czytam teraz objaśnienie. || P: Ale generalnie ten slajd mi się kompletnie nie podoba. Objaśnienie na środku i objaśnienie tylko do prawej strony slajdu.  || P: Po prostu wzrok mi, trochę skacze i nie do końca wiem od czego zacząć, na co patrzeć, żeby to skleić w jakąś całość. No, ale jest w takim razie, przykład cech które grzyb posiada, jest predykcja, że jadalny z takimi cechami no i objaśnienie tych kryteriów. || P: Jeszcze doczytuję dokładnie te dwie wersje tych cech, bo nie do końca chyba zrozumiałam.  || P: Nie wiem, czy do końca zrozumiałam. Nie wiem czy zrozumiem.  Znaczy te górne to po prostu są jakby, że już stwierdzone przez AI cechy, które powinny wystąpić, żeby był jadalny, a niżej jest to co wystąpiło w tym konkretnym przykładzie grzyba. Tak, chyba tak. || P: Możemy przejść do pytania.  || P: Nie wiem czy to na oba slajdy mam patrzeć, czy to są pytania do tych obu slajdów? || P: Zidentyfikuj te cechy, które są najważniejsze do zakwalifikowania grzyba jako jadalnego, lub niejadalnego dla obu przypadków. Dlaczego te cechy są istotne.","P: And here I think the colors would be worth changing after all, because — bright purple, dark purple — unless that was the intention, which is possible too; but if I were to draw any conclusion based on this difference, it's a bit invisible. || P: I'll move on. I'm now reading the explanation. || P: But generally I completely dislike this slide. The explanation in the middle and the explanation only on the right side of the slide. || P: My eyes just jump around a bit and I don't quite know where to start, what to look at, to piece it into a whole. But there is an example of features the mushroom has, a prediction that it's edible with such features, and an explanation of these criteria. || P: I'm still reading these two versions of the features closely, because I don't think I fully understood. || P: I don't know if I fully understood. I don't know if I'll understand. I mean, the top ones are simply the features already determined by the AI that should occur for it to be edible, and below is what occurred in this specific mushroom example. Yes, I think so. || P: We can move on to the question. || P: I don't know whether I should look at both slides, or whether these are questions for both slides? || P: Identify the features most important for classifying the mushroom as edible or inedible in both cases. Why are these features important."
MW_SSH_05:85,,,"W pierwszym momencie nie, bo to są takie długie rekordy. Myślałem, że na początku, przy pierwszym spojrzeniu myślałem, że to jest część po prostu opisów tutaj, bo jest takie długie są. Jeszcze też nie wiem dlaczego na prezentacji są z podkreśleniami, a nie po prostu. Też można by po prostu bardzo łatwo to trochę moim zdaniem bardziej czytelnie zrobić, gdyby na przykład zmienia kolor, wypuszcza mleczko w reakcji na uszkodzenie, zmienia kolor, powtórzenie w ogóle. To myślę, nie zauważyłem tego na początku, ale to sprawia, że jeszcze gorszy jestem. Są te opisy, nie wiem czy hasłowo po prostu robić dwa, trzy słowa przy każdym tym. Myślę, żeby napisać żółty kapelusz, żeby każdy by zrozumiał o co chodzi. A dla tych, którzy nie zrozumieją można by zrobić slajd z legendą dokładną z objaśnieniami. Punkty po prawej mają większy wpływ na klasyfikację grzyba. Okej, czyli po prawej jak jest, to jest wpływ na to, że klasyfikują jako trujące.","Not at first, because these are such long records. At first glance I thought this was just part of the descriptions here, because they're so long. I also don't know why in the presentation they're underlined rather than plain. You could very easily make it, in my opinion, a bit more readable — if, for example, 'changes color, exudes latex in reaction to damage' — the repetition altogether. I didn't notice this at first, but it makes it even worse. These descriptions — I don't know whether to do them as keywords, two or three words each. I'd write 'yellow cap' so everyone understands. And for those who don't get it, you could make a slide with a detailed legend and explanations. 'Points on the right have a greater influence on classifying the mushroom.' OK, so on the right means the influence toward classifying as poisonous.","P: Mała czytelność na pewno jest. Też to się źle czyta. Wartość cechy. To zgaduję, że to jest natężenie, czyli jakby małe coś, czy bardzo coś jest, czy bardzo występujące (ns - 00:30:22), powiedzmy, że wartość cechy dla kapelusza to jest duży kapelusz po prostu, lub mały kapelusz. Jakby jest to w miarę zrozumiałe, ale mam wrażenie, że jakby taki laik, że jakby przedstawić to losowej osobie na ulicy, to by myślała, że patrzy na jakiś, nie wiem, dziwny skan grzyba. Bo taki to ma w sumie kształt. To jest ciekawe. Wartość efektu (ns - 00:30:56). Czym jest efekt (ns - 00:30:59)? Jest tu gdzieś napisane? Rój pszczół. To jak to się… ten diagram nazywa rój pszczół czy? || INT: Ten typ objaśnienia. || P: Ok. || INT: Czy tą legendę właśnie pan zauważył tak w pierwszym momencie, czy nie? || P: W pierwszym momencie nie, bo to są takie długie rekordy. Myślałem, że na początku, przy pierwszym spojrzeniu myślałem, że to jest część po prostu opisów tutaj, bo jest takie długie są. Jeszcze też nie wiem dlaczego na prezentacji są z podkreśleniami, a nie po prostu. Też można by po prostu bardzo łatwo to trochę moim zdaniem bardziej czytelnie zrobić, gdyby na przykład zmienia kolor, wypuszcza mleczko w reakcji na uszkodzenie, zmienia kolor, powtórzenie w ogóle. To myślę, nie zauważyłem tego na początku, ale to sprawia, że jeszcze gorszy jestem. Są te opisy, nie wiem czy hasłowo po prostu robić dwa, trzy słowa przy każdym tym. Myślę, żeby napisać żółty kapelusz, żeby każdy by zrozumiał o co chodzi. A dla tych, którzy nie zrozumieją można by zrobić slajd z legendą dokładną z objaśnieniami. Punkty po prawej mają większy wpływ na klasyfikację grzyba. Okej, czyli po prawej jak jest, to jest wpływ na to, że klasyfikują jako trujące. || INT: I które cechy się najczęściej pojawiają po prawej stronie, jakby pan wskazał? || P: Bardzo po prawej, to na pewno duży trzon, duża wysokość trzonu i mała szerokość, czyli długie, cienkie trzony. I tu też są bardzo zmniejszane jeśli chodzi o średnicę, więc nie wiem czy to jest… Bardziej na jadalne, że jest jak jest duża średnica kapelusza. || INT: Te punkty po prawej i po lewej stronie są czytelne? Skąd one się biorą? || P: Przepraszam, jeszcze raz.","P: There's certainly low readability. It also reads badly. 'Feature value.' I'm guessing that's the intensity — whether there's a little of something or a lot (ns - 00:30:22) — let's say the feature value for the cap is simply a big cap or a small cap. It's fairly understandable, but I have the impression a layperson — if you showed it to a random person on the street — would think they're looking at some weird scan of a mushroom. Because that's roughly the shape it has. It's interesting. 'Effect value' (ns - 00:30:56). What is the effect (ns - 00:30:59)? Is it written somewhere here? 'Bee swarm.' So this diagram is called a bee swarm, or? || INT: This type of explanation. || P: Ok. || INT: Did you actually notice that legend at the first moment, or not? || P: Not at first, because these are such long records. At first glance I thought this was just part of the descriptions here, because they're so long. I also don't know why in the presentation they're underlined rather than plain. You could very easily make it, in my opinion, a bit more readable — if, for example, 'changes color, exudes latex in reaction to damage' — the repetition altogether. I didn't notice this at first, but it makes it even worse. These descriptions — I don't know whether to do them as keywords, two or three words each. I'd write 'yellow cap' so everyone understands. And for those who don't get it, you could make a slide with a detailed legend and explanations. 'Points on the right have a greater influence on classifying the mushroom.' OK, so on the right means the influence toward classifying as poisonous. || INT: And which features appear most often on the right side, would you point out? || P: Very far to the right, definitely a large stipe, large stipe height and small width — long, thin stipes. And these are also greatly reduced in diameter, so I don't know whether that's... More toward edible when there's a large cap diameter. || INT: Are these points on the right and left sides readable? Where do they come from? || P: Sorry, once again."
MW_IT_06:150,,,"A, trzynaste. Te cechy, które są najważniejsze do… No, to jest najważniejsze cechy do grzyba. Jeżeli mamy niepokreślone trzy z tych cech, to ono znaczy, że ten grzyb nie może być jadalny. Jadalny, jadalny. Dobra.","Ah, the thirteenth. The features most important for... Well, those are the most important features for the mushroom. If three of these features are not underlined, it means the mushroom can't be edible. OK.","INT: Czyli szuka pani teraz o wykresie pudełkowym? || P: Tak. A, jeżeli tak rozumiem to jest na grupy? Tak, wykres pudełkowy dla wysokości trzonu. Wykres pudełkowy dla wysokości trzonu i histogram dla wysokości trzonu. No, jeżeli widzę histogram wysokości trzonu, to mamy tutaj w 5 i 17,50 ta najwyższy poziom w centymetrów. Myślę, że to jest 5 centymetrów, a 17,50 to jest, to jest grupa, może być grupa jakichś tam grzybów. Bo do tego było 61 tysiące owoców. Myślę, że zmniejszał ten diagram do 2 tysięcy. Ale jeżeli tu dalej widzę, że wykres… Jak zinterpretujesz wykres pudełkowy dla wysokości trzonu? Myślę, że przez dane w okresie 1750, 1750 to, to dane, dobrze, najpierw tak, te analizy były zrobione przez 61 tysięcy tych owocników i tutaj diagram pokazuje, że 17,50 ma wysokość trzonu o 5 cm a tam już... Interesujące, że są 30 cm, ale myślę, że to bardzo mała liczba tych owocników. To najbardziej owocników ma 5 cm wysokości trzonu. Histogram dla szerokości trzonu. I tutaj pokazuje, że szerokość trzonu od 0 do, powiedzmy, tak 20 milimetrów ma około 2000 owocników. || INT: To lecimy dalej. Dwa ostatnie slajdy dotyczą tak zwanej kotwicy i są tutaj pytania do slajdów przedostatniego i ostatniego. || P: Przeczytam pierwsze pytanie. [czyta po cichu] Dlaczego te cechy są istotne? Dobrze, tutaj mamy przykład, pierwszy przykład jednego z owocników. I to jest AI prediction. I to jest… Myślę, że to już… To jest odpowiedź od AI przez te dane. I tutaj mamy te dane grzyba. I AI odpowiada, że to jest jadalny grzyb. I tutaj jest objaśnienie, czemu AI ma taką odpowiedź do tych analiz. Gdy wszystkie te cechy są spełnione, to AI ma predykcję danych. Dobrze, i tutaj, czemu AI ma odpowiedź jadalne co do tego grzyba przez to, że ten grzyb odpowiada przez te kryteria, jakie oznaczone są w niebieskim koloru i to odpowiada do 97% [ang.] To AI rozumiem tak, że jeżeli te w pierwszym przykładzie są niebieskie, to realność, że ten grzyb jest jadalny jest w 92%. A jeżeli mamy trzy od tych wszystkich kryteriach niebieskiego koloru, to też, AI aha, gdy wszystkie te cechy są spełnione, to też jest odpowiedź, że to jest jadalny grzyb. I teraz będę czytać, co to jest metoda kotwic. Metoda objaśnienia modelu AI. Rozumiem tak, że to jest metoda AI, code wise, gdzie są objaśnione przez to, że te, jakie w niebieskim kolorze, to jest cechy danego owocnika przez model AI. I przez to, że odpowiedź… dla AI predict, jeżeli… Jeżeli mówisz o AI, myślę, że w AI jest zaimplementowany taki już algorytm przez te już inne dane, gdzie są, jeżeli wszystkie te cechy podkreślone niebieskim, to już odpowiedź, że to jest jadalny grzyb. Ale jeszcze jest kwalifikacja, jeżeli [ang.] jadalny grzyb. Myślę, że tam jest algorytm przeczytania tych wszystkich kryteriów przez już włączone dane, jaki ma ten AI i cechy tych grzybów, ale w wyniku tego procentu modelu uwzględnia cechy zaznaczone na niebiesko. A jakie to jest już?  || P: A, trzynaste. Te cechy, które są najważniejsze do… No, to jest najważniejsze cechy do grzyba. Jeżeli mamy niepokreślone trzy z tych cech, to ono znaczy, że ten grzyb nie może być jadalny. Jadalny, jadalny. Dobra. || INT: I ostatni slajd. || P: I czy jesteś w stanie zidentyfikować [czyta po cichu.] I tutaj już mamy trujący. I myślę, że to na odwrót co w 13 slajdzie, bo żeby zidentyfikować, jeżeli grzyb jest trujący, to mamy te obszary najważniejsze, żeby zrozumieć, że to jest trujący grzyb. A kiedy mamy jadalny grzyb, to musimy mieć te, jakie na niebiesko w pierwszym przykładzie, pooznaczane cechy. || INT: ~ || INT: ~","INT: So you're looking now at the box plot? || P: Yes. Ah, if I understand right, it's by groups? Yes, box plot for stipe height. Box plot for stipe height and histogram for stipe height. If I see the histogram of stipe height, we have here at 5 and 17.50 the highest level in centimeters. I think that's 5 cm, and 17.50 could be a group of some mushrooms. Because there were 61 thousand fruiting bodies for this. I think it reduced this diagram to 2 thousand. But if I see further that the chart... How will you interpret the box plot for stipe height? I think, from the data in the range 1750 — that's data. OK, first: these analyses were done on 61 thousand fruiting bodies, and here the diagram shows that 17.50 [thousand] have a stipe height of 5 cm, and there already... Interesting there are 30 cm, but I think that's a very small number of fruiting bodies. Most fruiting bodies have a stipe height of 5 cm. Histogram for stipe width — it shows a stipe width from 0 to, say, 20 millimeters has about 2000 fruiting bodies. || INT: Let's go on. The last two slides concern the so-called anchor, and here are questions for the second-to-last and last slides. || P: I'll read the first question. [reading quietly] Why are these features important? OK, here we have the first example of one of the fruiting bodies. And this is the AI prediction. This is the answer from the AI via this data. And here's the mushroom's data. And the AI answers it's an edible mushroom. And here's the explanation of why the AI has this answer. When all these features are met, the AI has the prediction. OK — why the AI answers 'edible' for this mushroom is that it matches the criteria marked in blue, and that corresponds to 97%. I understand it as: if in the first example these are blue, then the reality that this mushroom is edible is 92%. And if we have three of these criteria in blue, then too — aha, when all these features are met, the answer is also that it's edible. And now I'll read what the anchor method is. The AI model explanation method. I understand it as a method of the AI, code-wise, where the ones in blue are the features of a given fruiting body according to the AI model. I think the AI has such an algorithm implemented from other data, where if all these features are underlined in blue, then the answer is that it's an edible mushroom. But there's still a qualification. I think there's an algorithm reading all these criteria through the built-in data the AI has and the features of these mushrooms, but as a result the model's percentage takes into account the features marked in blue. And what is that already? || P: Ah, the thirteenth. The features most important for... Well, those are the most important features for the mushroom. If three of these features are not underlined, it means the mushroom can't be edible. OK. || INT: And the last slide. || P: And can you identify [reading quietly]. Here we already have poisonous. And I think it's the reverse of slide 13, because to identify whether a mushroom is poisonous, we have these most important areas to understand it's poisonous. And when we have an edible mushroom, we need the features marked in blue as in the first example. || INT: ~ || INT: ~"
PK_DE_09:53,,,"Ale to ja bym musiał mieć, znaczy przyjąć pewne założenie, że według mnie ten wykres przedstawia to i to i wtedy bym powiedział, że że tak albo nie. Natomiast tutaj nawet przy tej przy tej legendzie nie do końca jestem pewien, jak odczytać dokładnie ten wykres. W ten sposób.","But I'd have to adopt a certain assumption that in my view this chart shows this and that, and then I'd say yes or no. Whereas here, even with this legend, I'm not quite sure how to read this chart exactly. In that sense.","INT:  A czy zechce pan spojrzeć na te pytania, pytania do tego slajdu i zdecydować, na które zechciałby pan ewentualnie odpowiedzieć? || P: Czy na podstawie wykresu jesteś w stanie określić cechy, które najczęściej pojawiają się po jego prawej stronie…  || P: Czy na podstawie wykresu jesteś w stanie określić te cechy, które dla różnych obserwacji mają różny wpływ na klasyfikację grzyba? Dobrze, no to chyba na to drugie będzie mi łatwiej odpowiedzieć. Wydaje mi się, że że te właśnie te trzy cechy na samej górze, które mają ten szeroki rozkład, gdzie one pojawiają się po jednej i po drugiej stronie, mogą mieć wpływ. Że w zależności od obserwacji będą one zaliczone do gatunku niejadalnego albo jadalnego. || INT:  Proszę powiedzieć, czy to, co widać na tym wykresie, odpowiada pana wiedzy o grzybach i temu, w jaki sposób pan rozpoznaje grzyby w środowisku przyrodniczym? || P: Ale to ja bym musiał mieć, znaczy przyjąć pewne założenie, że według mnie ten wykres przedstawia to i to i wtedy bym powiedział, że że tak albo nie. Natomiast tutaj nawet przy tej przy tej legendzie nie do końca jestem pewien, jak odczytać dokładnie ten wykres. W ten sposób. || INT:  Jasne, wszystko jasne. Myślę, że możemy przejść w takim razie do 8 slajdu, do którego również przygotowane są pytania. || P: Już momencik. Mhm. No więc mógłbym tutaj na to pierwsze pytanie spróbować odpowiedzieć.  || P: „czy na podstawie wykresu jesteś w stanie określić, które cechy mają największy wpływ dodatni na predykcję modelu, a które największy ujemny na definitywną predykcję modelu?” No więc wedle tego, co tutaj widzę, to najbardziej, no, tą cechą, która ma najbardziej… największy wpływ dodatni, będzie wysokość trzonu, ponieważ im bardziej wykres idzie w prawo, tym tym bardziej ta predykcja modelu powinna być moim zdaniem słuszna w stosunku do tego, co co chcemy otrzymać, natomiast w drugą stronę idzie szerokość trzonu. Wedle tych cech, które tutaj są zaznaczone, no to tylko ta ta jedna – szerokość trzonu – byłaby… wskazywałaby tą drugą… predykcję. || P: OK A czy właśnie na podstawie wysokości trzonu w swojej praktyce pan grzyby rozpoznaje, oznacza, identyfikuje? A jakiś komentarz na temat relewantności tych cech, nie wiem, miarodajności, ich wartości diagnostycznej?","INT: And would you look at these questions for this slide and decide which you'd want to answer? || P: Based on the chart, can you determine the features that appear most often on its right side... || P: Based on the chart, can you determine the features that have a different impact on the mushroom's classification for different observations? OK, that second one will be easier for me to answer. It seems to me these three features at the very top, which have a wide spread, appearing on one side and the other, can have an impact. That depending on the observation they'll be counted as inedible or edible. || INT: Please tell me whether what's shown on this chart matches your knowledge of mushrooms and how you recognize mushrooms in the natural environment. || P: But I'd have to adopt a certain assumption that in my view this chart shows this and that, and then I'd say yes or no. Whereas here, even with this legend, I'm not quite sure how to read this chart exactly. In that sense. || INT: Sure, all clear. I think we can move on to slide 8, for which questions are also prepared. || P: One moment. Mhm. Well, I could try to answer this first question. || P: 'Based on the chart, can you determine which features have the greatest positive impact on the model's prediction, and which the greatest negative on the model's definitive prediction?' So, from what I see, the feature with the greatest positive impact will be stipe height, because the further the chart goes right, the more the model's prediction should, in my opinion, be correct relative to what we want; whereas the other direction goes stipe width. By these features marked here, only that one — stipe width — would indicate that other prediction. || P: OK — and do you actually recognize/identify mushrooms by stipe height in your practice? And any comment on the relevance of these features — their reliability, their diagnostic value?"
MZ_SSH_04:169,,,"Ale reszta wydaje mi się zupełnie taka sama, więc.","But the rest seem exactly the same to me, so.","P: Ale ciężko jest mi je wyciągnąć? || P: Jedyne co widzę, to właśnie to bardziej zmodyfikowana przy wysokości trzonu. || P: Różni się ona o. || P: 3/10. || P: Ale reszta wydaje mi się zupełnie taka sama, więc. || P: Raczej nie jestem w stanie znaleźć tej różnicy. || P: Czy zmiany przedstawione na wizualizacji mają sensu kontekście rzeczywistych właściwości grzybów i są zgodne z twoją wiedzą? || P: To tutaj mogę powiedzieć na pewno o jesieni, że jest najbardziej popularna pora na znajdywanie grzybów. || P: Z tym się zgodziłabym, też z lasami.","P: But it's hard for me to extract them? || P: The only thing I can see is that the one for stipe height is more modified. || P: It differs by. || P: 3/10. || P: But the rest seem exactly the same to me, so. || P: I'm rather unable to find that difference. || P: Do the changes shown in the visualization make sense in the context of the real properties of mushrooms, and are they consistent with your knowledge? || P: Here I can say for sure that autumn is the most popular season for finding mushrooms. || P: I'd agree with that, and with forests too."
MW_IT_02:55,,,"Ja ogólnie zawsze przestrzegam takiej zasady, że kolory, które są bardzo, tak powiem, kolokwialnie pstrokate, są trudne do przeczytania, bo męczą oczy i bo są… Męczą oczy, są takie bardzo… zwracają na siebie uwagę, podczas kiedy kolory pastelowe są bardzo delikatne, ale zwracają choć lekko uwagę, czyli… Widząc wykres, który ma w sobie kolor właśnie taki delikatny, fioletowy, to jestem w stanie zobaczyć, że tutaj się dzieje jakaś informacja, którą muszę sobie zapamiętać. Ale widząc na przykład taki bardzo neonowy, weźmy różowy, to wtedy nie chciałabym się na to patrzeć, na coś takiego.","I generally always follow the rule that colors that are very, colloquially, garish are hard to read, because they tire the eyes and are very attention-grabbing, whereas pastel colors are very gentle but still draw a little attention. So seeing a chart with a delicate purple, I can see something is happening here, some information I need to remember. But seeing a very neon one, say pink, I wouldn't want to look at it.","P: Mam problem z czytaniem tych wykresów, ale to głównie dlatego, że wszystkie dane są zawarte w tytule, a nie ma żadnych jednostek po prostu obok tych numerków, które się tam znajdują. Nie wiem czy tutaj chodzi o 2000 cm czy 35 cm. Więc jakby muszę przeczytać tytuł, dokładnie go przeanalizować i dopiero wtedy się domyślać, o co tak naprawdę chodzi, ale też nie potrafię po prostu z tego wyciągnąć, co tak naprawdę ten wykres ma mi przedstawić, chociaż myślę, że to jest jeden z najbardziej czytelnych typów wykresów. || INT: A jakbyśmy chciały spróbować dokonać właśnie interpretacji, która do tego slajdu jest przypisana, czyli wykres pudełkowy dla wysokości trzonu i histogram dla szerokości trzonu. Czy byłabyśmy w stanie coś tutaj odczytać? || P: Osobiście wykres pudełkowy dla mnie to jest trochę taka abstrakcja, bo nie wiem tak naprawdę, co on przedstawia. Znaczy, jeżeli miałabym wcześniej, znaczy dostałabym wcześniej informację o tym, że wszystko się dzieje w obrębie grzybów i tak dalej, więc zakładam, że obszar zaznaczony to jest na przykład obszar, który ma mi coś mówić, że tam coś się rzeczywiście dzieje, ale tytuł wykresu nic mi o tym nie mówi, nie ma żadnej jednostki, dlatego nie potrafię wyczytać, co tak naprawdę się dzieje w tym wykresie. Widzę też, że tam w środku tego fioletowego pola jest właśnie jakaś taka linia i mam wrażenie, że tutaj jest jakaś taka kulminacja, jakiś taki maksimum osiągniętej wartości czegoś, ale nie mogę zdać sobie sprawy po prostu o co chodzi, bo nie ma jednostek i tytuł mówi mi bardzo mało. || INT: A co do kolorystyki, tak zapytam, wykresów, które pani widziała w tej prezentacji. Czy jest jakaś preferencja w kierunku takich kolorów bardziej pastelowych jak tutaj, albo takich bardziej zdecydowanych jak niebieski, czerwony? || P: Ja ogólnie zawsze przestrzegam takiej zasady, że kolory, które są bardzo, tak powiem, kolokwialnie pstrokate, są trudne do przeczytania, bo męczą oczy i bo są… Męczą oczy, są takie bardzo… zwracają na siebie uwagę, podczas kiedy kolory pastelowe są bardzo delikatne, ale zwracają choć lekko uwagę, czyli… Widząc wykres, który ma w sobie kolor właśnie taki delikatny, fioletowy, to jestem w stanie zobaczyć, że tutaj się dzieje jakaś informacja, którą muszę sobie zapamiętać. Ale widząc na przykład taki bardzo neonowy, weźmy różowy, to wtedy nie chciałabym się na to patrzeć, na coś takiego. || INT: To przejdźmy sobie do tych dwóch ostatnich slajdów. Które cechy tutaj są takie najważniejsze do zakwalifikowania grzyba jako jadalnego albo niejadalnego? || P: Zakładam, że najważniejsze cechy to są te, które są pierwsze, bo w obu przypadkach są na pierwszym miejscu. Czyli myślę, że powierzchnia trzonu to jest tą najważniejszą cechą, która sprawia, że jest grzyb jadalny albo niejadalny. || INT: I czy to jest zgodne z taką pani wiedzą, powiedzmy potoczną, że to jest właśnie ten czynnik, na który trzeba by było zwracać największą uwagę, na przykład poszukując grzybów w lesie i rozróżniając je jakoś od siebie? || P: Myślę, że tak, bo też zawsze po prostu trąbiono, że właśnie duże grzyby trzeba na nie uważać, ale właśnie widzę tutaj po prostu, potrafię stwierdzić na podstawie tych dwóch danych, tych dwóch wykresów albo tabelek, że powierzchnia i szerokość są takie dwie najważniejsze.","P: I have trouble reading these charts, but mainly because all the data is in the title, and there are simply no units next to the numbers. I don't know whether this is about 2000 cm or 35 cm. So I have to read the title, analyze it carefully, and only then guess what it's really about; I also can't simply extract what this chart is meant to show, though I think it's one of the most readable chart types. || INT: And if we wanted to try the interpretation assigned to this slide — box plot for stipe height and histogram for stipe width — would we be able to read anything? || P: Personally, a box plot is a bit of an abstraction to me, because I don't really know what it shows. If I'd been given prior information that everything happens within mushrooms and so on, then I assume the marked area is, for example, meant to tell me something is really happening there, but the chart title tells me nothing, there's no unit, so I can't read what's really happening. I also see inside that purple field there's some line, and I have the impression there's some culmination, some maximum value reached, but I simply can't figure out what it's about, because there are no units and the title tells me very little. || INT: And as for the color scheme of the charts you saw — is there a preference toward more pastel colors like here, or more decisive ones like blue, red? || P: I generally always follow the rule that colors that are very, colloquially, garish are hard to read, because they tire the eyes and are very attention-grabbing, whereas pastel colors are very gentle but still draw a little attention. So seeing a chart with a delicate purple, I can see something is happening here, some information I need to remember. But seeing a very neon one, say pink, I wouldn't want to look at it. || INT: Let's move to these last two slides. Which features here are the most important for classifying the mushroom as edible or inedible? || P: I assume the most important features are the first ones, because in both cases they're in first place. So I think stipe surface is the most important feature making a mushroom edible or inedible. || INT: And is that consistent with your, say, common knowledge — that this is exactly the factor you'd have to pay the most attention to, for example when looking for mushrooms in the forest and distinguishing them? || P: I think so, because it was always drummed in that you have to watch out for big mushrooms, and I see here I can tell from these two charts or tables that surface and width are the two most important."
PK_DE_03:64,,,"No to bardzo, bardzo nie, nie, nie rozumiem, bo tu są dwie obserwacje, one są dokładnie takie same, chyba, prawie.","Well, I very, very much don't, don't, don't understand, because here there are two observations, they're exactly the same, I think, almost.","P: Jadalny. No albo szerokość trzonu większa niż... Dla mnie to jest bezsensowny wykres. || INT:  Znakomicie, wspaniale. Idziemy dalej. || P: Tak, tak. || INT:  Tutaj mamy analizę kontrfaktyczną i proszę łaskawie sobie wszystko poczytać w odpowiednim tempie. Tutaj też mamy pytania. || P: No to bardzo, bardzo nie, nie, nie rozumiem, bo tu są dwie obserwacje, one są dokładnie takie same, chyba, prawie. || INT:  Pozwolę sobie tutaj uzupełnić, bo być może na ekranie, który pan widzi, nie jest to bardzo czytelne. Tutaj w stosunku do opisu pierwotnego sztuczna inteligencja wprowadziła 2 zmiany. W obu przypadkach dotyczą one tej samej cechy, czyli wysokości trzonów centymetrach. || P: No tu jest 3/10. || INT:  3/10, tak, w jednym przypadku zmieniła na 23,5, a w 2 przypadku na 23,2 i za każdym razem spowodowało to zmianę klasyfikacji z niejadalnego/trującego na jadalny. || P: Ale, no, to jest po prostu… to to jest, no, nic realnego po prostu to jest, to jest dla mnie głupota, bo tutaj jakaś cecha, smak, inne rzeczy, a nie tam wymiary tam o parę centymetrów, przy czym grzyby są w tak różnych fazach i mogą mieć różne wymiary, więc dla mnie to jest bezsensowne, co tu jest.","P: Edible. Or a stipe width greater than... For me this is a nonsensical chart. || INT: Excellent, wonderful. Let's move on. || P: Yes, yes. || INT: Here we have the counterfactual analysis, and please kindly read everything at your own pace. Here we also have questions. || P: Well, I very, very much don't, don't, don't understand, because here there are two observations, they're exactly the same, I think, almost. || INT: Let me add here, because on the screen you see it may not be very legible. Relative to the original description, the AI made 2 changes. In both cases they concern the same feature, namely stipe height in centimeters. || P: Well, here it's 3/10. || INT: 3/10, yes — in one case it changed it to 23.5, and in the second case to 23.2, and each time this changed the classification from inedible/poisonous to edible. || P: But, well, this is just... this is nothing real, this is simply stupidity to me, because here it's some feature — smell, other things — and not those dimensions off by a few centimeters, especially since mushrooms are in such different phases and can have different dimensions, so to me what's here is nonsensical."
