candidate_id,Godzina rozpoczęcia,Godzina ukończenia,Adres e-mail,"Potwierdzam, że zapoznałem(-am) się z powyższymi informacjami i przyjmuję je do wiadomości.","Czy wyrażasz zgodę na przetwarzanie danych osobowych w zakresie adresu mailowego w celu realizacji projektu badawczego pt. ""XPM: eXplainable Predictive Maintenance"" i archiwizacji, zgodnie z Rozporządzeniem Parlamentu Europejskiego i Rady (UE) 2016/679 z dnia 27 kwietnia 2016 r. (ogólne  rozporządzenie o ochronie danych) oraz zgodnie z klauzulą informacyjną dołączoną do Twojej zgody?",Czy wyrażasz zgodę na udział w badaniu (ankietowym)?,Jak oceniasz swoją wiedzę na temat dziko rosnących grzybów jadalnych i trujących?,Po czym głównie poznaje się dziko rosnące grzyby jadalne?,Po czym głównie poznaje się dziko rosnące grzyby trujące lub niejadalne?,Skąd pochodzi Twoja wiedza o grzybach dziko rosnących? ,Czy zdarza Ci się zbierać grzyby dziko rosnące?,"Nie mam oporów, by:","Jakie są Twoje umiejętności w zakresie wizualizacji danych, np. tworzenia wykresów, infografik itd.? (Zaznacz maksymalnie dwie odpowiedzi).",Jak oceniasz swoje umiejętności w zakresie analizy danych?,Skąd masz umiejętności w zakresie wizualizacji danych?,Jakie cechy powinna mieć Twoim zdaniem dobrze zrobiona wizualizacja danych?,"Czy na podstawie wykresu jesteś w stanie określić cechy, które najczęściej pojawiają się po jego prawej stronie i sugerują silny wpływ na klasyfikację grzyba jako trującego? Odpowiedz i podaj te cechy.","Czy patrząc na poniższą wizualizację, jesteś w stanie stwierdzić, jakie zmiany w cechach, według analizy kontrfaktycznej, mają największy wpływ na zmianę klasyfikacji grzyba z trującego na jadalny lub odwrotnie? Odpowiedz, opisując te zmiany.","Podaj nazwę kierunku(-ów) studiów, na którym(-ych) studiujesz:","Czy wyrażasz zgodę na udział w testowaniu technik XAI? Później możesz się wycofać, jeśli zmienisz zdanie. Badania przeprowadzane będą od 19 grudnia 2023 r. do 25 lutego 2024 r. na WZiKS UJ, w Instytucie Studiów Informacyjnych UJ. Jeśli wyrazisz wstępną zgodę, poprosimy Cię o podanie kontaktowego adresu mailowego, na który prześlemy formularz z możliwością zapisu na konkretny termin badania i godzinę. Dla uczestników badań jakościowych przewidziane są upominki",participant_id,comment
30,1.12.24 19:47:55,1.12.24 20:49:13,anonymous,Potwierdzam.,Wyrażam zgodę.,Tak.,Wysoko.,Po występowaniu rurek pod kapeluszem.,Po występowaniu blaszek.,"Od mamy, z atlasów podręcznych, internetu.","Tak, rzadko.","Zjeść grzyby, które sam/sama zebrałam/em.;Zjeść grzyby kupione na targu lub na stoisku przy drodze.;Zjeść grzyby zebrane przez członka rodziny lub bliskiego przyjaciela.;",Potrafię tworzyć proste wizualizacje.;Potrafię interpretować proste wizualizację.;,Średnio.,"Szkoła, filmik na yt;","czytelna, dużo elementów graficznych, przejrzysta, dobre opisy danych","Z wykresu wnioskuję, że najsilniejszy wpływ na to, czy grzyb jest trujacy ma wysokość trzonu. W drugiej kolejności jest średnica kapelusza, a w trzeciej szerokość trzonu. ","Prawdopodobnie sposób przyrastania blaszek do trzonu, podstawa trzonu, typ hymenoforu. Z braku danych (? -NA) pojawiły się dane przedstawiające odpowiednio: przyrośnięte blaszki, trzon bulwiasty, hymenofor bez zasnówki. ",Psychologia,Tak.,DR_SSH_01,
44,1.24.24 9:59:29,1.24.24 10:10:18,anonymous,Potwierdzam.,Wyrażam zgodę.,Tak.,Zdecydowanie nisko.,Nie mają falbanki na nóżce i blaszek. Mają stonowane kolory. ,"Mają żywe, jaskrawe kolory, zdarza się również falbanka na nóżce. ",Z przyrody w podstawówce. ,"Nie, nigdy.",Zjeść grzyby kupione w sklepie.;,Potrafię tworzyć zaawansowane wizualizacje.;Potrafię interpretować zaawansowane wizualizacje.;,Wysoko.,Studia;Praca;,"Przejrzystość, prostota, dobra organizacja elementów. ","Wysokość trzonu, średnica kapelusza, średnica trzonu","Nie, wizualizacja sprawia wrażenie źle zorganizowanej, bardzo roboczej. ",Zarządzanie informacją,Tak.,DR_SSH_02,
16,1.12.24 10:42:43,1.12.24 10:58:42,anonymous,Potwierdzam.,Wyrażam zgodę.,Tak.,Zdecydowanie nisko.,nie wiem ,"poza tym, że wiem jak wygląda kilka charakterystycznych grzybów (np. muchomor, huba), nie znam odpowiedzi na to pytanie","taka bardzo podstawowa prawdopodobnie ze szkoły podstawowej, trochę z internetu ","Nie, nigdy.",Nie chcę udzielać odpowiedzi.;,Potrafię tworzyć proste wizualizacje.;Potrafię interpretować proste wizualizację.;,Średnio.,Studia;szkoła;,"przejrzysta, czytelna, jednoznaczna, estetyczna","wysokość-trzonu-cm, szerokość-trzonu-mm","sposób przyrastania blaszek do trzonu, szerokość trzonu, podstawa trzonu, powierzchnia trzonu, typ hymenoforu ",zarządzanie informacją,Tak.,DR_SSH_03,
64,1.26.24 21:07:50,1.26.24 21:33:56,anonymous,Potwierdzam.,Wyrażam zgodę.,Tak.,Nisko.,"nie ma wspólnej cechy dla grzybów jadalnych ale wszystkie grzyby z ""gąbką"" pod kapeluszem czyli z rurkami nie są jadalne",wszystkie grzyby trujące mają pod kapeluszem blaszki ale nie wszystkie grzyby z blaszkami są trujące,"od babci, współlokatora, poprzednich studiów i internetu","Tak, rzadko.",Zjeść grzyby kupione w sklepie.;Zjeść grzyby zebrane przez członka rodziny lub bliskiego przyjaciela.;,Potrafię interpretować proste wizualizację.;Potrafię tworzyć proste wizualizacje.;,Nie umiem ocenić.,Nie chcę udzielać odpowiedzi.;,być przejrzysta i mieć dobre ułożenie danych,"ciężko mi stwierdzić ale z wykresu wnioskuje że duże znaczenie na to czy grzyb jest trujący mają wysokość trzonu, średnica kapelusza i szerokość trzonu",nie jestem w stanie odpowiedzieć,zarządzanie informacją,Tak.,DR_SSH_04,
29,1.12.24 17:31:03,1.12.24 17:44:12,anonymous,Potwierdzam.,Wyrażam zgodę.,Tak.,Średnio.,"Kolorze, kapeluszu, blaszkach i zmianie wyglądu po uszkodzeniu ","Kolorze, kapeluszu, blaszkach, zmianie wyglądu po uszkodzeniu ",Od rodziny i z lekcji biologii ,"Tak, rzadko.","Zjeść grzyby kupione w sklepie.;Zjeść grzyby zebrane przez członka rodziny lub bliskiego przyjaciela.;Zjeść grzyby, które sam/sama zebrałam/em.;",Potrafię tworzyć proste wizualizacje.;Potrafię interpretować proste wizualizację.;,Średnio.,Studia;,"Czytelna, przejrzysta, dokładna,ale nie skomplikowana",Wysokość trzonu w cm,"Sposób przyrastania blaszek, podstawa trzonu, typ hymenoforu ",EPI,Tak.,DR_IT_05,
82,1.30.24 20:59:38,1.30.24 21:19:03,anonymous,Potwierdzam.,Wyrażam zgodę.,Tak.,Wysoko.,"Zależy od gatunku gdyż mają inne cechy charakterystyczne. Głównie kształt i kolor kapelusza oraz nóżki, rodzaj hymenoforu, zapach, otoczenie w którym rośnie, smak po polizaniu przekrojonego grzyba lub zmiana koloru która wtedy następuje","Tak samo jak wyżej. Głównie kształt i kolor kapelusza oraz nóżki, rodzaj hymenoforu, zapach, otoczenie w którym rośnie, smak po polizaniu przekrojonego grzyba lub zmiana koloru która wtedy następuje","Przekazywana od rodziny, z atlasów grzybowych, z internetu (facebookowe grupy grzybiarskie)","Tak, często.","Zjeść grzyby, które sam/sama zebrałam/em.;Zjeść grzyby zebrane przez członka rodziny lub bliskiego przyjaciela.;Zjeść grzyby kupione w sklepie.;Zjeść grzyby kupione na targu lub na stoisku przy drodze.;",Potrafię tworzyć proste wizualizacje.;Potrafię interpretować proste wizualizację.;,Wysoko.,Studia;Praca;,"Klarowność, czytelność, może walory estetyczne?","Wysokość trzonu, szerokość trzonu, średnica kapelusza? Nie jestem pewien co znaczy ""które najczęściej pojawiają się po jego prawej stronie"" i nie wiem jak reprezentowany jest grzyb trujący (ujemnie czy dodatnio)","Znowu brakuje mi trochę jakiejś legendy, nie wiem jak czytać tą wizualizację",Kognitywistyka,Tak.,DR_SSH_06,
84,1.30.24 21:13:14,1.30.24 21:34:50,anonymous,Potwierdzam.,Wyrażam zgodę.,Tak.,Wysoko.,"Większość z nich nie ma blaszek, nie ma kropek ani ciapek, nie mają trójkątnych podłużnych kapeluszy i bardzo cienkich nóżek (no chyba że kanie), są zwykle pulchniutkie","Mają blaszki, kropki ciapki, trójkątne podłużne kapelusze, cienkie nóżki, niektore mają intensywny nieprzyjemny zapach","Od mamy, taty i babci","Tak, rzadko.","Zjeść grzyby kupione w sklepie.;Zjeść grzyby zebrane przez członka rodziny lub bliskiego przyjaciela.;Zjeść grzyby, które sam/sama zebrałam/em.;",Nie potrafię tworzyć wizualizacji.;,Nisko.,Nie mam takich umiejętności.;,"Powinna być przejrzysta i intuicyjna, łatwa do odczytu i możliwie minimalistyczna ","Nie rozumiem pytania albo nie rozumiem wykresu, albo tego i tego","Sposob przyrastania blaszek do trzonu, szerokosc trzonu, podstawa i powietzchnia trzonu, typ hymenoforu",Kognitywistyka II st,Tak.,DR_SSH_07,
3,12.19.23 13:24:22,12.19.23 13:30:29,anonymous,Potwierdzam,Wyrażam zgodę.,Tak.,Nisko.,Po braku blaszki na spodzie kapelusza,Po blaszce na spodzie kapelusza,Z chodzenia na grzyby z dziadkami w dzieciństwie ,"Nie, nigdy.",Zjeść grzyby kupione w sklepie.;Zjeść grzyby zebrane przez członka rodziny lub bliskiego przyjaciela.;,Potrafię tworzyć proste wizualizacje.;Potrafię interpretować proste wizualizację.;,Wysoko.,Studia;,"Źródło danych, odpowiedni opis, czytelny rozkład danych","Powiedziałbym, że największy wpływ ma wysokość trzonu, ponieważ znajduje się ona na samej górze wykresu ","Powiedziałbym że będą to te czynniki, które posiadają dodatkową wartość w kolumnie ""modified value"", ale nie jest to dla mnie w pełni zrozumiałe",Zarządzanie informacją,Tak.,MK_01_PIL,pilot study
24,1.12.24 14:38:15,1.12.24 14:51:39,anonymous,Potwierdzam.,Wyrażam zgodę.,Tak.,Nie mam żadnej wiedzy na ten temat.,"chyba głównie po tym, że nie mają ""blaszek"" tylko takie bardziej miękkie/gąbczaste spody",mają blaszki od spodu,"szkoła podstawowa, rodzice ","Tak, rzadko.","Zjeść grzyby kupione w sklepie.;Zjeść grzyby kupione na targu lub na stoisku przy drodze.;Zjeść grzyby zebrane przez członka rodziny lub bliskiego przyjaciela.;Zjeść grzyby, którymi częstuje mnie obca osoba.;",Potrafię interpretować proste wizualizację.;Potrafię tworzyć proste wizualizacje.;,Średnio.,Studia;rozszerzona informatyka;,"przejrzysta, czytelna, zawiera tylko potrzebne i wystarczające informacje ",wysokość i szerokość trzonu,"sposób przyrastania blaszek z nieokreślonego na przyrośnięte, nowy pomiar szerokości trzonu, zmiana nieokreślonej podstawy trzonu na bulwiasta, zmiana powierzchni trzonu z gładkiej na błyszczącą oraz zmiana nieokreślonego typu hymenoforu na bez-zasnówki",Psychologia stosowana,Tak.,MK_SSH_02,
43,1.23.24 14:59:36,1.23.24 15:22:36,anonymous,Potwierdzam.,Wyrażam zgodę.,Tak.,Średnio.,po braku blaszek (z wyjątkami),po blaszkach (z wyjątkami),dziewczyna mnie nauczyła,"Tak, rzadko.","Zjeść grzyby kupione w sklepie.;Zjeść grzyby kupione na targu lub na stoisku przy drodze.;Zjeść grzyby zebrane przez członka rodziny lub bliskiego przyjaciela.;Zjeść grzyby, którymi częstuje mnie obca osoba.;Zjeść grzyby, które sam/sama zebrałam/em.;",Nie potrafię interpretować wizualizacji.;Nie potrafię tworzyć wizualizacji.;,Nie mam żadnych umiejętności w tym zakresie.,Nie mam takich umiejętności.;,być czytelna i dobrze pokazywać wnioski,"te części słupka najbardziej na czerwono, czyli zminia-kolor..., gęstość-blaszek etc.",nie,epi,Tak.,MK_IT_03,
11,1.11.24 22:24:42,1.11.24 22:32:12,anonymous,Potwierdzam.,Wyrażam zgodę.,Tak.,Zdecydowanie nisko.,Mają „rurki” pod kapeluszem,Mają blaszki ,Ze szkoły i od rodziców ,"Tak, rzadko.","Zjeść grzyby kupione w sklepie.;Zjeść grzyby zebrane przez członka rodziny lub bliskiego przyjaciela.;Zjeść grzyby, które sam/sama zebrałam/em.;",Potrafię tworzyć proste wizualizacje.;Potrafię interpretować proste wizualizację.;,Nisko.,Studia;,Powinna być przejrzysta ,"Wysokość trzonu, średnica kapelusza, wysokość trzonu ",Nie,Zarządzanie informacją ,Tak.,MK_SSH_04,
54,1.26.24 10:50:43,1.26.24 11:05:59,anonymous,Potwierdzam.,Wyrażam zgodę.,Tak.,Nie umiem ocenić.,Po kapeluszu i gąbkę grzyba,Po kapeluszu i metoda: ciemnienie srebrnej łyżeczki,Od rodziny i filmów przyrodniczych,Nie chcę udzielać odpowiedzi.,Zjeść grzyby kupione w sklepie.;,Potrafię tworzyć zaawansowane wizualizacje.;Potrafię interpretować zaawansowane wizualizacje.;,Wysoko.,Studia;,Prosty i zrozumiały sposób oraz co ważne również w sposób estetyczny.,"Tak, czerwony oznacza silny wpływ. Czyli zazwyczaj wysokość trzonu im wyższa tym większe prawdopodobieństwo ,że grzyb jest trujący. Ale też w sytuacji -„ zmienia kolor  lub puszcza mleczko w reakcji na uszkodzenie - nie zmienia koloru lub brak mleczka „ jest trujący.","Przerośnięte, 
7.18- 48.9
Bulwiasty
Błyszcząca
Bez zasnówki",Laboratorium kultury współczesnej ,Tak.,MK_SSH_05,
133,2.5.24 20:19:08,2.5.24 20:36:08,anonymous,Potwierdzam.,Wyrażam zgodę.,Tak.,Średnio.,po posiadaniu gąbki pod kapeluszem,"po blaszkach pod kapeluszem, są wyjątki takie jak kanie, rydze, kurki, boczniaki, ale to najprostsza zasada","dziadkowie, tata","Tak, rzadko.","Zjeść grzyby kupione w sklepie.;Zjeść grzyby kupione na targu lub na stoisku przy drodze.;Zjeść grzyby zebrane przez członka rodziny lub bliskiego przyjaciela.;Zjeść grzyby, które sam/sama zebrałam/em.;",Potrafię tworzyć proste wizualizacje.;Potrafię interpretować proste wizualizację.;,Nisko.,Studia;,"jasno opisane dane, odpowiednia kolorystyka","chyba wysokość trzonu, średnica kapelusza i zmiana koloru lub puszczanie mleczka w reakcji na uszkodzenie",nie,Informatyka Gier Komputerowych,Tak.,MK_IT_06,
136,2.11.24 17:36:57,2.11.24 17:46:08,anonymous,Potwierdzam.,Wyrażam zgodę.,Tak.,Wysoko.,"Rurki zamiast blaszek, przeważnie grubszy trzon","Blaszki zamiast rurek, przeważnie cieńszy trzon","Od rodziny, z atlasów","Tak, często.","Zjeść grzyby, które sam/sama zebrałam/em.;Zjeść grzyby zebrane przez członka rodziny lub bliskiego przyjaciela.;Zjeść grzyby kupione w sklepie.;",Potrafię tworzyć proste wizualizacje.;Potrafię interpretować proste wizualizację.;,Nie umiem ocenić.,Nie chcę udzielać odpowiedzi.;,Powinna być czytelna dla grupy docelowej,"Nie jestem pewna, na pierwszy rzut oka wydaje mi się, że to wysokość trzonu i większa średnica kapelusza","Znowu nie mam pewności, wydaje mi się, że to sposób przyrastania blaszek do trzonu, jego podstawa i powierzchnia, oraz typ hymenoforu",Dziennikarstwo i komunikacja społeczna ,Tak.,MK_SSH_07,
20,1.12.24 14:37:05,1.12.24 14:44:58,anonymous,Potwierdzam.,Wyrażam zgodę.,Tak.,Nisko.,Po kolorze i obecności blaszek na spodniej stronie kapelusza,Po ubarwieniu i obecności znaków szczególnych np.kropek,Od rodziców oraz ze szkoły,"Tak, rzadko.",Zjeść grzyby kupione w sklepie.;Zjeść grzyby kupione na targu lub na stoisku przy drodze.;,Potrafię interpretować proste wizualizację.;Nie potrafię tworzyć wizualizacji.;,Średnio.,Nie chcę udzielać odpowiedzi.;,Powinna być czytelna i jednoznaczna,Nie umiem tego ocenić ,Błyszcząca powierzchnia trzonu i przyrośnięcie do niego jego blaszek,Psychologia stosowana ,Tak.,MW_SSH_01,
6,1.11.24 21:24:35,1.11.24 21:33:23,anonymous,Potwierdzam.,Wyrażam zgodę.,Tak.,Nie umiem ocenić.,blaszki pod kapeluszem grzyba,blaszki lub budowa kapelusza,mama wychowala sie w lesie,"Nie, nigdy.",Zjeść grzyby kupione na targu lub na stoisku przy drodze.;Zjeść grzyby zebrane przez członka rodziny lub bliskiego przyjaciela.;,Potrafię interpretować zaawansowane wizualizacje.;Potrafię tworzyć proste wizualizacje.;,Nie umiem ocenić.,Studia;,"logicznie myśląca, skrupulatna, spostrzegawcza","wysoki trzon, mala srednica kapelusza, srednia szerokosc trzonu",z powierzchni trzonu gladkiej na blyszczaca,elektroniczne przetwarzanie informacji,Tak.,MW_IT_02,
7,1.11.24 21:13:39,1.11.24 21:37:30,anonymous,Potwierdzam.,Wyrażam zgodę.,Tak.,Wysoko.,"Raczej mają tzn. ""gąbkę"" pod kapeluszem. ","Niektóre grzyby trujące mają gorzki smak i po dotknięciu ich ""gabka"" staje się różowa. Raczej są rurkowe.","Od babci i rodziców, własne doświadczenie w zbieraniu grzybów.","Tak, często.","Zjeść grzyby kupione w sklepie.;Zjeść grzyby zebrane przez członka rodziny lub bliskiego przyjaciela.;Zjeść grzyby, które sam/sama zebrałam/em.;",Potrafię tworzyć zaawansowane wizualizacje.;Potrafię interpretować zaawansowane wizualizacje.;,Wysoko.,Studia;Kursy;,"Powinna być czytelna (czyli elementy grafiku czy wykresu muszą być podpisany w taki sposób, żeby przeciętna osoba mogła je zrozumieć), musi być graficznie ładna (bo to ułatwia odczyt danych i robi je bardziej zrozumialymi)","Najczęstsza cecha: wysokość trzonu. Cecha ""średnica kapelusza"" ma znaczenie dla odrożniania grzybów trujących, ale ma wieksze znaczenie dla grzybów jadalnych. Cecha ""szerokość trzonu"", moim zdaniem, jest raczej częsta w przypadku obu rodzajów grzybów. Możliwe, że cecha ""zmienia kolor lub puszcza mleczko w reakcji na uszkodzenie nie zmienia koloru lub brak mleczka"" może być cechą grzybów trujących, ale linia na wykresie jest zbyt krótka, żeby to jednoznacznie stwierdzić.",Nie jestem w stanie,Zarządzanie informacją,Tak.,MW_SSH_03,
48,1.25.24 16:20:00,1.25.24 16:25:27,anonymous,Potwierdzam.,Wyrażam zgodę.,Tak.,Średnio.,Są objedzone przez slimaki,Ślimaki ich nie jedza,Z zycia,"Nie, nigdy.","Zjeść grzyby kupione w sklepie.;Zjeść grzyby kupione na targu lub na stoisku przy drodze.;Zjeść grzyby zebrane przez członka rodziny lub bliskiego przyjaciela.;Zjeść grzyby, którymi częstuje mnie obca osoba.;Zjeść grzyby, które sam/sama zebrałam/em.;",Potrafię interpretować zaawansowane wizualizacje.;Potrafię interpretować proste wizualizację.;,Zdecydowanie wysoko.,Studia;Praca;,Być czytelna i atrakcyjna,Uff,Nie gdyż literki są za male,Zarządzanie w Turystyce I Sporcie,Tak.,MW_SSH_04,
8,1.11.24 21:23:37,1.11.24 21:38:37,anonymous,Potwierdzam.,Wyrażam zgodę.,Tak.,Nisko.,Wyglądzie,Wyglądzie i zapachu,Zasłyszane od rodziny,"Nie, nigdy.",Zjeść grzyby kupione w sklepie.;,Potrafię interpretować zaawansowane wizualizacje.;Potrafię tworzyć proste wizualizacje.;,Średnio.,Studia;,"Czytelna, nie przeładowana danymi, zaczynająca się od rzeczy na które chcemy zwrócić uwage odbiorcy. ","Wysokość trzonu. Myślę, że jestem w stanie je określić","Nie jestem pewien. Myślę, że odpowiedź to : Sposób przyrastania blaszek, podstawa trzonu, typ hymenoforu, powierzchnia trzonu",Zarządzanie informacją,Tak.,MW_SSH_05,
130,2.5.24 9:28:03,2.5.24 10:05:34,anonymous,Potwierdzam.,Wyrażam zgodę.,Tak.,Nie mam żadnej wiedzy na ten temat.,"bialy grzyb, kolor-blaszka (brązowy) - więcej cech w pytanie 15 :)",czerwony kolor (zmienia kolor łub istnieje mleczko przy uszkodzeniu) na przykład amanita grzyb,zbieranie grzybów,"Tak, rzadko.","Zjeść grzyby kupione w sklepie.;Zjeść grzyby zebrane przez członka rodziny lub bliskiego przyjaciela.;Zjeść grzyby, które sam/sama zebrałam/em.;",Potrafię tworzyć zaawansowane wizualizacje.;Potrafię interpretować zaawansowane wizualizacje.;,Wysoko.,Studia;Praca;,"prezentowanie złożonych struktur danych w prosty zrozumiały dla odbiorcy sposób, najczęściej za pomocą wykresów, map i piktogramów.","cechy trującego grzyba: wysokość trzonu w okresie (-0.1;0.0) oraz (0.1;0.2) i od (0.6;1.0) jest diapazon rozumienie że to jest jedna z cech nie jedalnego grzyba.
kiedy mamy szerokość- trzonu w diapazonie 0.9 w pojednaniu z wysokość trzonu od (0.6;1.0) - jest dodatkowy mechanizm zrozumienie grzyba.","ten analiz są klasyfikacja jedalnego grzyba, jaką on ma szerokość trzonu oraz kolor kapelusza i czy zmienny jest kolor w reakcji uszkodzenie. W tego co mamy w wykresie, możemy zrozumieć że pierwszy identyfikator nie jadalnego grzyba to jest przy jego uszkodzenia, gdzie kolor jest zmienny oraz istnieje mleczko.",Informatyka Gier Komputerowych (niestacjonarne),Tak.,MW_IT_06,
127,2.4.24 20:23:24,2.4.24 20:37:42,anonymous,Potwierdzam.,Wyrażam zgodę.,Tak.,Nie mam żadnej wiedzy na ten temat.,"gąbka od spodu kapelusza, znajomy gatunek, kolor, rosznię pod pewnym dzewem,  przyjemny zapach","blaszki, znajome gatunki muchomorów, plamy ","doświadczenie rodziców i wlasne, książki o grzybach z wizualizacją, wiki","Tak, rzadko.",Zjeść grzyby kupione w sklepie.;,Potrafię interpretować proste wizualizację.;,Średnio.,Nie mam takich umiejętności.;,"cztelność, interaktywność, celowość, opis, kontekst.","tak, pierwsze trzy",nie mogę ocenić,Informatyka Stosowana,Tak.,MW_IT_07,
4,12.19.23 12:36:54,12.19.23 13:39:08,anonymous,Potwierdzam,Wyrażam zgodę.,Tak.,Zdecydowanie nisko.,"Większość z nich ma pod kapeluszem ""gąbkę"" zamiast blaszek.",Raczej będą miały pod kapeluszem blaszki.,"Mama mi trochę opowiadała, tylko najprostsze rzeczy.","Tak, rzadko.",Zjeść grzyby kupione w sklepie.;Zjeść grzyby zebrane przez członka rodziny lub bliskiego przyjaciela.;,Potrafię tworzyć proste wizualizacje.;Potrafię interpretować zaawansowane wizualizacje.;,Nie umiem ocenić.,Studia;,"Powinna być zrobiona bez zbędnych ""upiększaczy"", żeby można było w łatwy sposób zauważyć najważniejsze elementy. ","wysokość-trzonu-cm, średnica-kapelusza-cm, szerokość-trzonu","Największy wpływ na zmianę klasyfikacji wydają się mieć: sposób przyrastania blaszek do trzonu, szerokość trzonu, powierzchnia trzonu. Jednak wizualizacja jest na tyle nieintuicyjna, że jest to bardziej zgadywanie.",Zarządzanie informacją,Tak.,MZ_01_PIL,pilot study
23,1.12.24 14:43:36,1.12.24 14:51:33,anonymous,Potwierdzam.,Wyrażam zgodę.,Tak.,Zdecydowanie nisko.,Po braku blaszek i fioletowego i czerwonego koloru ,Po jaskrawych kolorach i blaszkach pod kapeluszem,Przypadkowo zebrana wiedza ,"Nie, nigdy.",Zjeść grzyby kupione w sklepie.;,Potrafię interpretować proste wizualizację.;Nie potrafię tworzyć wizualizacji.;,Średnio.,Nie mam takich umiejętności.;,Ogólna przejrzystość ,"Wysokość trzonu, średnica kapelusza, szerokość trzonu ",Nie potrafię ,Psychologia stosowana ,Tak.,MZ_SSH_02,
34,1.16.24 14:14:59,1.16.24 14:36:07,anonymous,Potwierdzam.,Wyrażam zgodę.,Tak.,Średnio.,"po kształcie kapelusza, kolorze, smaku (po polizaniu fragmentu), dotyku

głównie po wyglądzie, konkretne gatunki mają swoje cechy szczególne","tak jak jadalne głównie po wyglądzie, przy czym niejadalnych z reguły jest więcej w dziczy, więc jeśli grzyb nie posiada konkretnych cech wymaganych aby stwierdzić, że jest jadalny, klasyfikowany jest jako niejadalny","od rodziny i znajomych, z którymi chodzę na grzyby","Tak, rzadko.",Nie chcę udzielać odpowiedzi.;,Potrafię tworzyć proste wizualizacje.;Potrafię interpretować zaawansowane wizualizacje.;,Średnio.,Studia;,"powinna być czytelna, przedstawiająca ograniczoną ilość informacji, opatrzona legendą ","wysoki trzon, mała średnica kapelusza, średnia i umiarkowanie mała szerokość trzonu","zwiększenie szerokości trzonu; określenie przyrośniętych blaszek, bulwiastej podstawy trzonu oraz hymenoforu bez zasnówki; zmiana powierzchni trzonu z gładkiej na błyszczącą ",Psychologia o profilu praktycznym ,Tak.,MZ_SSH_03,
74,1.30.24 11:13:50,1.30.24 11:18:57,anonymous,Potwierdzam.,Wyrażam zgodę.,Tak.,Średnio.,"Po ich wyglądzie, należy głównie sprawdzic strukture pod kapeluszem","Po ich wyglądzie, należy głównie sprawdzic strukture pod kapeluszem",Od członków rodziny ,"Tak, rzadko.",Zjeść grzyby zebrane przez członka rodziny lub bliskiego przyjaciela.;,Potrafię tworzyć proste wizualizacje.;Potrafię interpretować zaawansowane wizualizacje.;,Średnio.,Kursy;Praca;Studia;,Powinna przede wszystkim zawierac czytelnie przedstawione dane oraz bie przytlaczac kolorami i iloscia tekstu,Tak sa to trzy pierwsze cechy od góry ,"Sposib przyrastania blaszek do trzony, szerokosc trzonu, postawa trzonu, powierzchnia trzonu, typ hymenoforu",Zarządzanie informacją ,Tak.,MZ_SSH_04,
101,1.31.24 15:42:40,1.31.24 16:12:48,anonymous,Potwierdzam.,Wyrażam zgodę.,Tak.,Nisko.,"Po ""gąbce"" pod spodem, ale nie jest to jednoznaczne","Po ""blaszkach"", z małymi wyjątkami jak na przykład kurki",Z pojedynczych wyjść na grzyby z dziadkami jeszcze za dziecka,"Nie, nigdy.",Zjeść grzyby kupione w sklepie.;Zjeść grzyby zebrane przez członka rodziny lub bliskiego przyjaciela.;,Potrafię tworzyć proste wizualizacje.;Potrafię interpretować proste wizualizację.;,Średnio.,Studia;,"Przejrzystość, adekwatność","Nie zmienia koloru lub brak mleczka, pewien wyższy przedział wysokości trzonu, oraz niższy średnicy kapelusza ponieważ są oznaczone jako ""high value features"" ",Tutaj szczerze mówiąc nie rozumiem i nie jestem zaznajomiony z terminem analizy kontrfaktycznej ,Informatyka stosowana,Tak.,MZ_IT_05,
116,2.2.24 16:33:02,2.2.24 16:46:57,anonymous,Potwierdzam.,Wyrażam zgodę.,Tak.,Nisko.,Po swojej budowie. Bodajże grzyby jadalne zazwyczaj mają gąbczastą strukture pod kapeluszem. Do tego równiez istotny jest kolor.,"Po tym, że mają (zazwyczaj) blaszki pod spodem i intensywnym kolorze.","Całość mojej wiedzy opieram na grzybobraniach, w których miałem przyjemność uczestniczyć wraz z babcią i dziadkiem. Poza tym, coś z podstawówki.","Tak, rzadko.",Zjeść grzyby kupione w sklepie.;Zjeść grzyby zebrane przez członka rodziny lub bliskiego przyjaciela.;,Potrafię interpretować proste wizualizację.;Potrafię tworzyć proste wizualizacje.;,Nie umiem ocenić.,Studia;,"Przede wszystkim prezentacja musi być zrobiona w sposób czytelny i spójny. Nie może się dziać za dużo, bo to po prostu znacząco utrudnia 'połapanie się, o co tam chodzi'. Kolorystyka gra dużą rolę również.","Największy wpływ na decyzyjność danego modelu mają :
- wysokość trzonu
- średnica kapelusza
- szerokość trzonu
Których ""feature value"" jest najwyższe, czyli częstotliwość występowania, o ile dobrze rozumiem oczywiście.","Zapewne te, które są oznaczone gwiazdką po lewej stronie:
- sposób przyrastania blaszek do trzonu
- podstawa trzonu
- typ hymenoforu","Informatyka Stosowana
Elektroniczne Przetwarzanie Informacji",Tak.,MZ_IT_06,
112,2.2.24 8:38:16,2.2.24 8:42:34,anonymous,Potwierdzam.,Wyrażam zgodę.,Tak.,Średnio.,"Mają najczęściej siateczkę pod kapeluszem, ale też można nacisnąć i czasem zmieniają kolory i po tym można poznać jadalne ","Mają pod kapeluszem najczęściej blaszkę, lub po naciśnięciu dają kolor czerwony",Od dziadków i rodziców ,"Tak, rzadko.","Zjeść grzyby kupione w sklepie.;Zjeść grzyby kupione na targu lub na stoisku przy drodze.;Zjeść grzyby zebrane przez członka rodziny lub bliskiego przyjaciela.;Zjeść grzyby, które sam/sama zebrałam/em.;",Potrafię interpretować proste wizualizację.;Nie potrafię tworzyć wizualizacji.;,Nisko.,Nie mam takich umiejętności.;,Przejrzysta i czytelna,Nie,Nie,Psychologia,Tak.,MZ_SSH_07,
78,1.30.24 14:24:20,1.30.24 14:53:04,anonymous,Potwierdzam.,Wyrażam zgodę.,Tak.,Wysoko.,"- wygląd (kapelusz, kolor, tekstura)
- miejsce gdzie rosną (np. w pobliżu jakich drzew)
- pora owocowania
- posmak","- wygląd (kapelusz, kolor, tekstura)
- miejsce gdzie rosną (np. w pobliżu jakich drzew)
- pora owocowania
- posmak (niejadalne, a nie trujące)","- ojciec
- doświadczenia/wspomnienia
- fora internetowe
- filmy
- atlasy
- koledzy grzybiarze","Tak, często.","Zjeść grzyby, które sam/sama zebrałam/em.;Zjeść grzyby zebrane przez członka rodziny lub bliskiego przyjaciela.;",Potrafię tworzyć proste wizualizacje.;Potrafię interpretować proste wizualizację.;,Średnio.,Praca;,"czytelne, przejrzyste, duża czcionka, intuicyjne, dokładny opis","wysokość trzonu, średnica kapelusza, szerokość trzonu","sposób przyrastania blaszek (czy przyrośnięte czy nie), szerokość trzonu (7.18->40.9), podstawa trzonu, tym hymenoforu (zasnówka)",-,Tak.,PK_DE_01,
2,12.19.23 12:08:53,12.19.23 13:29:59,anonymous,Potwierdzam,Wyrażam zgodę.,Tak.,Zdecydowanie nisko.,"Szczerze mówiąc nie mam pojęcia, kompletnie się nie znam na grzybach."," Nie mam pojęcia, kompletnie się nie znam na grzybach.",Nie posiadam takiej wiedzy.,"Nie, nigdy.",Zjeść grzyby kupione w sklepie.;Zjeść grzyby zebrane przez członka rodziny lub bliskiego przyjaciela.;,Potrafię interpretować zaawansowane wizualizacje.;Potrafię tworzyć proste wizualizacje.;,Średnio.,Studia;,"Powinna być czytelna, łatwa do odebrania przez użytkownika (brak miejsca na domysły), kolorystycznie powinna być przyjemna dla oka odbiorcy, powinna zawierać wszystkie niezbędne informacje (aby odbiorca mógł ją przeanalizować))","Trzy pierwsze odpowiedzi to te, które najczęściej się pojawiały: wysokość trzonu, średnica kapelusza, szerokość trzonu. ","Zmiany w cechach, które mają największy wpływ na zmianę klasyfikacji grzyba trującego na jadalny lub odwrotnie to: przyrośnięta blaszka do trzonu; zmiana szerokości trzonu z 7.18 na 40.9 (mm); podstawa trzonu robi się bulwiasta; powierzchnia trzonu zmienia się z gładkiej na błyszczącą.",Zarządzanie informacją ,Tak.,PK_01_PIL,pilot study
83,1.30.24 18:00:11,1.30.24 21:20:47,anonymous,Potwierdzam.,Wyrażam zgodę.,Tak.,Wysoko.,"Są to głównie grzyby wielkoowocnikowe składające się z trzonu i kapelusza. Na spodniej części kapelusza posiadają blaszki, rurki lub kolce, a niektóre - listewki. Wiele z nich to grzyby mykoryzowe, tzn. związane z konkretnymi gatunkami drzew. Najbezpieczniejsze dla grzybiarzy są grzyby z rurkami, bo wśród tej grupy w zasadzie brak jest grzybów śmiertelnie trujących. ","Do tej grupy należą głównie grzyby blaszkowe. Śmiertelnie trujące muchomory posiadają blaszki w białym kolorze, pierścień przyrośnięty do trzonu, trzon biały, ale z zygzakowatym białym wzorem o zgrubiałej podstawie trzonu wyrastającym z pochwy. Grzyby niejadalne, to gatunki niewielkich rozmiarów lub o nieprzyjemnym zapachu lub smaku.","Z atlasów, literatury, stron internetowych poświęconym grzybom i kontaktom z mykologami oraz mykologami amatorami.","Tak, często.","Zjeść grzyby, które sam/sama zebrałam/em.;",Potrafię tworzyć proste wizualizacje.;Potrafię interpretować proste wizualizację.;,Nie umiem ocenić.,samokształcenie;Praca;,Powinna zawierać najistotniejsze cechy,Nie jestem w stanie określić tych cech na podstawie tego wykresu.,"blaszki gęste, białe lub brązowe, wolne, trzon bulwiasty, pierścień, zasnówka, pochwa",Nie studiuję,Tak.,PK_DE_02,
5,12.27.23 16:10:08,12.27.23 16:29:21,anonymous,Potwierdzam,Wyrażam zgodę.,Tak.,Wysoko.,W każdym wypadku trzeba rozpoznać gatunek. Nie ma uniwersalnego sposobu rozpoznawania grzybów jadalnych.,W każdym wypadku trzeba rozpoznać gatunek. Nie ma uniwersalnego sposobu rozpoznawania grzybów niejadalnych i trujących.,"Z kursów specjalistycznych, źródeł internetowych, praktyki, literatury fachowej.","Tak, często.","Zjeść grzyby, które sam/sama zebrałam/em.;",Potrafię interpretować zaawansowane wizualizacje.;Potrafię tworzyć proste wizualizacje.;,Wysoko.,Inne;,"Czytelność, nie za dużo danych na jednym wykresie","Wysokość trzonu w centymetrach występuje najczęściej po prawej stronie wykresu, ale moim zdaniem jest to cecha nieistotna przy rozpoznawaniu gatunku trującego.",Nie rozumiem opisu tabelki (nie znam angielskiego). Poza tym dla mnie te dane i proponowane zmiany nie mają sensu.,Aktualnie nie studiuję. Studiowałam flet na Wydziale Instrumentalnym Akademii Muzycznej; następnie oligofrenopedagogikę na Akademii Pedagogicznej (dziś Uniwersytet) - studia ukończyłam około 1995 r.,Tak.,PK_DE_02_PIL_EKSPERT,pilot study
9,1.11.24 21:12:26,1.11.24 21:40:24,anonymous,Potwierdzam.,Wyrażam zgodę.,Tak.,Średnio.,"Po normalnym, często spotykanym kolorze oraz blaszkach/rurkach","wyrazisty ""nienaturalny"" kolor, często grzyby niejadalne mają są jednak z blaszkami. Kapelusz często nie jest gładki ",od rodziców,"Tak, rzadko.","Zjeść grzyby kupione w sklepie.;Zjeść grzyby kupione na targu lub na stoisku przy drodze.;Zjeść grzyby zebrane przez członka rodziny lub bliskiego przyjaciela.;Zjeść grzyby, które sam/sama zebrałam/em.;",Potrafię tworzyć proste wizualizacje.;Potrafię interpretować proste wizualizację.;,Średnio.,Studia;,"przejrzystość, kontrast, czytelność","Ten wykres nie jest do końca czytelny, można by było inaczej zwizualizować takie dane. Nie rozumiem co określa dolny pasek, nie mogę odczytać tego wykresu. ",nie rozumiem tego,Zarządzanie informacją,Tak.,,
10,1.11.24 21:26:28,1.11.24 21:41:57,anonymous,Potwierdzam.,Wyrażam zgodę.,Tak.,Nisko.,"Po tym, że nie mają blaszek pod spodem ","Po tym, że mają blaszki pod spodem",Prawdopodobnie częściowo z domu i częściowo ze szkoły ,"Nie, nigdy.",Zjeść grzyby kupione w sklepie.;Zjeść grzyby zebrane przez członka rodziny lub bliskiego przyjaciela.;,Potrafię tworzyć proste wizualizacje.;Potrafię interpretować zaawansowane wizualizacje.;,Średnio.,Studia;,"Powinna być prosta, czytelna, zawierać jak najmniej tekstu","Cechy, które są zaznaczone kolorem różowym mają największy wpływ ","Największy wpływ ma typ hymenoforu, podstawa i powierzchnia trzonu oraz sposób przyrastania blaszek",Zarządzanie informacją ,Tak.,,
12,1.11.24 22:32:57,1.11.24 22:42:06,anonymous,Potwierdzam.,Wyrażam zgodę.,Tak.,Średnio.,"Po tym, że pod kapeluszem jest gąbeczka","Po tym, że pod kapeluszem jest blaszka",Od dziadków i z atlasu grzybów,"Tak, rzadko.","Zjeść grzyby kupione w sklepie.;Zjeść grzyby zebrane przez członka rodziny lub bliskiego przyjaciela.;Zjeść grzyby, które sam/sama zebrałam/em.;",Potrafię tworzyć zaawansowane wizualizacje.;Potrafię interpretować zaawansowane wizualizacje.;,Zdecydowanie wysoko.,Studia;Kursy;,"Odpowiadać potrzebom informacyjnym przedstawianego tematu, dopasowana do odbiorcy, środki wizualizacji powinny odpowiadać przedmiotowi wizualizacji",Są to pierwsze 3 odpowiedzi od góry,"grzyb ten jest trujący ze względu brak zmiany koloru/wypuszczenia mleczka po uszkodzeniu, gdyby był jadalny prawdopodobnie zmieniłby kolor/wypuścił mleczko, innym determinantem jest gładki trzon czy długi trzon",Zarządzanie Informacją,Tak.,,
13,1.12.24 8:06:06,1.12.24 8:09:55,anonymous,Potwierdzam.,Wyrażam zgodę.,Tak.,Zdecydowanie nisko.,Pod tym że pod daszkiem są pełne a nie mają blaszek ,Że pod daszkiem mają blaszki,Ze szkoły ,"Tak, rzadko.",Zjeść grzyby kupione w sklepie.;Zjeść grzyby zebrane przez członka rodziny lub bliskiego przyjaciela.;,Potrafię interpretować proste wizualizację.;Potrafię tworzyć proste wizualizacje.;,Średnio.,Studia;,Czytelna ,Wysokość trzonu ,Nie ,Zarządzanie informacją ,Tak.,,
14,1.12.24 10:27:34,1.12.24 10:35:41,anonymous,Potwierdzam.,Wyrażam zgodę.,Tak.,Zdecydowanie wysoko.,Po rurkach/gąbce oraz kolorze ,"Kształt, blaszki, kolor, czasami zapach","Przekazana od rodziny, z książek, od znajomych, z internetu ","Tak, często.","Zjeść grzyby zebrane przez członka rodziny lub bliskiego przyjaciela.;Zjeść grzyby kupione w sklepie.;Zjeść grzyby kupione na targu lub na stoisku przy drodze.;Zjeść grzyby, które sam/sama zebrałam/em.;",Potrafię tworzyć proste wizualizacje.;,Nie mam żadnych umiejętności w tym zakresie.,Studia;,"Czytelna, niechaotyczna",.,.,Zarządzanie informacją ,Nie.,,
15,1.12.24 10:23:06,1.12.24 10:49:47,anonymous,Potwierdzam.,Wyrażam zgodę.,Tak.,Zdecydowanie nisko.,Mają gąbczasty spód kapelusza bądź rurki ,Mają blaszki na spodzie kapelusza,Od rodziców,"Tak, rzadko.",Zjeść grzyby zebrane przez członka rodziny lub bliskiego przyjaciela.;,Potrafię tworzyć proste wizualizacje.;Potrafię interpretować proste wizualizację.;,Nisko.,Studia;,przedstawiać wszystkie niezbędne dane w sposób przejrzysty i możliwie atrakcyjny wizualnie,"wysokość trzonu, średnica kapelusza, szerokość trzonu, brak zmiany koloru lub puszczania mleczka w reakcji na uszkodzenie, gęstość blaszek","sposób przyrastania blaszek do trzonu - blaszki przyrośnięte występują w grzybach trujących, grzyby trujące mają szerszy trzon, bulwiastą podstawę trzonu i błyszczącą powierzchnię trzonu, typ hymenoforu - bez zasnówki",Zarządzanie informacją ,Nie.,,
17,1.12.24 13:38:49,1.12.24 13:55:48,anonymous,Potwierdzam.,Wyrażam zgodę.,Tak.,Nisko.,"Pomóc nam może kapelusz grzyba, jeśli jest pod nim gąbka, grzyb jest prawdopodobnie jadalny (nie sprawdza się to w każdym przypadku).","Grzyb można posmakować końcem języka, jeśli jest gorzki nie powinien być jedzony. Jeśli pod kapelusza grzyba są blaszki, grzyb jest prawdopodobnie trujący.","Przekazali mi ją dziadkowie, podstawowe informacje z biologii w gimnazjum","Nie, nigdy.",Nie chcę udzielać odpowiedzi.;,Nie potrafię interpretować wizualizacji.;Nie potrafię tworzyć wizualizacji.;,Średnio.,Praca;,Powinna być prosta i zrozumiała ,"Wysokość-trzonu-cm
średnica-kapelusza-cm
szerokość-trzonu-mm

",Nie,Elektroniczne Przetwarzanie Informacji,Nie.,,
18,1.12.24 13:59:07,1.12.24 14:02:46,anonymous,Potwierdzam.,Wyrażam zgodę.,Tak.,Zdecydowanie nisko.,"po spodzie, jeśli jest gąbkowy a nie blaszkowy, prawdopodobnie można zjeść danego grzyba ","jak wyżej - jeśli jest blaszkowany, jest trujący. to samo tyczy się dziwnych kolorów grzyba, lub gdy rośnie on na drzewie lub ścianie ","internet, znikome doświadczenie ze zbierania grzybów z innymi, bardziej doświadczonymi ","Nie, nigdy.",Zjeść grzyby kupione w sklepie.;Zjeść grzyby kupione na targu lub na stoisku przy drodze.;Zjeść grzyby zebrane przez członka rodziny lub bliskiego przyjaciela.;,Nie potrafię interpretować wizualizacji.;,Nie umiem ocenić.,Nie mam takich umiejętności.;,.,.,.,elektroniczne przetwarzanie informacji ,Tak.,,
19,1.12.24 14:36:45,1.12.24 14:43:49,anonymous,Potwierdzam.,Wyrażam zgodę.,Tak.,Nisko.,nie wiem,mają blaszki pod kapeluszem ,od dziadka ,"Nie, nigdy.",Zjeść grzyby kupione w sklepie.;Zjeść grzyby kupione na targu lub na stoisku przy drodze.;Zjeść grzyby zebrane przez członka rodziny lub bliskiego przyjaciela.;,Nie potrafię tworzyć wizualizacji.;Potrafię interpretować proste wizualizację.;,Średnio.,Studia;,być przejrzysta ,wysokość trzonu średnica kapelusza i zmienia kolor lub puszczą mleczko w reakcji na uszkodzenie nie zmienia koloru lub brak mleczka ,wszystko co jest zapisane pod modified value to cechy grzybów trujących ,psychologia ,Nie.,,
21,1.12.24 14:45:38,1.12.24 14:49:49,anonymous,Potwierdzam.,Wyrażam zgodę.,Tak.,Nisko.,Po gąbce,Po blaszce,Od rodziców ,"Tak, rzadko.","Zjeść grzyby kupione w sklepie.;Zjeść grzyby zebrane przez członka rodziny lub bliskiego przyjaciela.;Zjeść grzyby, które sam/sama zebrałam/em.;",Potrafię tworzyć proste wizualizacje.;Potrafię interpretować proste wizualizację.;,Nisko.,Studia;,"Czytelność, prostota","Wysokość trzonu, średnica kapelusza, szerokość trzonu ",Nie wiem co to analiza kontrfrakryczna,Psychologia,Tak.,,
22,1.12.24 14:42:38,1.12.24 14:50:33,anonymous,Potwierdzam.,Wyrażam zgodę.,Tak.,Średnio.,"Po blaszkach pod kapeluszem. Ja rozpoznaję po prostu tak, że mniej więcej wiem jak wyglądają grzyby jadalne, które zbieram i grzyby trujące.",Po blaszkach pod kapeluszem- są tak szerzej rozłozone. Ponadto po kształcie i pierścieniach na nodze,Z domu,"Tak, rzadko.","Zjeść grzyby kupione w sklepie.;Zjeść grzyby zebrane przez członka rodziny lub bliskiego przyjaciela.;Zjeść grzyby, które sam/sama zebrałam/em.;",Nie potrafię tworzyć wizualizacji.;Nie potrafię interpretować wizualizacji.;,Nisko.,Nie mam takich umiejętności.;,dobrze zrobiony i czytelny wykres,Nie jestem w stanie określić tego po tym wykresie,Z jadalnego na trujący: blaszki przystające do trzonu są przerośnięte; trzon ma większość szerokośc; podstawa trzonu jest bulwiasta i błyszcząca; hemenofor jest bez zasnówki,psychologia,Tak.,,
25,1.12.24 14:51:12,1.12.24 14:51:54,anonymous,Potwierdzam.,Wyrażam zgodę.,Nie.,,,,,,,,,,,,,,,,
26,1.12.24 14:53:40,1.12.24 14:56:45,anonymous,Potwierdzam.,Wyrażam zgodę.,Tak.,Zdecydowanie nisko.,Gąbki pod kapeluszem,"Blaszki, kolor (jak u muchomora) ","Rodzice, dziadkowie","Nie, nigdy.","Zjeść grzyby kupione w sklepie.;Zjeść grzyby kupione na targu lub na stoisku przy drodze.;Zjeść grzyby zebrane przez członka rodziny lub bliskiego przyjaciela.;Zjeść grzyby, którymi częstuje mnie obca osoba.;",Potrafię tworzyć proste wizualizacje.;Potrafię interpretować proste wizualizację.;,Wysoko.,Studia;,Czytelna ,Wysokość trzonu ,Nie wiem,Psychologia praktyczna,Nie.,,
27,1.12.24 15:00:30,1.12.24 15:06:30,anonymous,Potwierdzam.,Wyrażam zgodę.,Tak.,Nie mam żadnej wiedzy na ten temat.,Nie wiem,Nie wiem,-,"Nie, nigdy.",Zjeść grzyby kupione w sklepie.;Zjeść grzyby kupione na targu lub na stoisku przy drodze.;Zjeść grzyby zebrane przez członka rodziny lub bliskiego przyjaciela.;,Potrafię tworzyć proste wizualizacje.;Potrafię interpretować proste wizualizację.;,Średnio.,Studia;,Czytelność,Nie jestem w stanie,Nie jestem w stanie,Psychologia,Tak.,,
28,1.12.24 15:08:47,1.12.24 15:14:23,anonymous,Potwierdzam.,Wyrażam zgodę.,Tak.,Zdecydowanie nisko.,Po wyglądzie,Po budowie,Od rodziny ,"Tak, rzadko.","Zjeść grzyby kupione w sklepie.;Zjeść grzyby kupione na targu lub na stoisku przy drodze.;Zjeść grzyby zebrane przez członka rodziny lub bliskiego przyjaciela.;Zjeść grzyby, którymi częstuje mnie obca osoba.;Zjeść grzyby, które sam/sama zebrałam/em.;",Potrafię tworzyć proste wizualizacje.;Potrafię interpretować proste wizualizację.;,Średnio.,Szkoła podstawowa;Studia;,Przejrzystość,"Zmienia kolor lub puszcza mleczko w reakcji na uszkodzenie, nie zmienia koloru lub brak mleczka średnica kapelusza, szerokość trzonu, średnica kapelusza ",nie potrafię,Psychologia,Tak.,,
31,1.13.24 5:22:23,1.13.24 5:29:59,anonymous,Potwierdzam.,Wyrażam zgodę.,Tak.,Nisko.,chyba po tym że pod kapeluszem mają gąbki a nie blaszki,żywe kolory i kropki na kapeluszu,od taty,"Tak, często.","Zjeść grzyby zebrane przez członka rodziny lub bliskiego przyjaciela.;Zjeść grzyby kupione w sklepie.;Zjeść grzyby, które sam/sama zebrałam/em.;",Potrafię interpretować zaawansowane wizualizacje.;Potrafię tworzyć proste wizualizacje.;,Średnio.,Studia;,powinna być czytelna i prosta,"Tak, wysokość trzonu, średnica kapelusza, szerokość trzonu",nie,Zarządzanie Informacją,Tak.,,
32,1.13.24 23:43:13,1.13.24 23:52:17,anonymous,Potwierdzam.,Wyrażam zgodę.,Tak.,Nisko.,Mają gąbkę pod czapa ,Mają blaszki pod czapą,Od dziadków i rodziców ,"Tak, rzadko.",Zjeść grzyby kupione w sklepie.;,Potrafię tworzyć proste wizualizacje.;Potrafię interpretować proste wizualizację.;,Nisko.,Studia;,Dobrze dobrane kolory i czytelna struktura,"Wysokość trzonu, brak mleczka",Nie,Zarządzanie informacją ,Nie.,,
33,1.14.24 22:31:57,1.14.24 22:39:06,anonymous,Potwierdzam.,Wyrażam zgodę.,Tak.,Nisko.,po rurkach pod kapeluszem ,po dziwnym zapachu i blaszkach ,Od rodziców i dziadków,"Nie, nigdy.",Zjeść grzyby zebrane przez członka rodziny lub bliskiego przyjaciela.;Zjeść grzyby kupione w sklepie.;,Potrafię tworzyć proste wizualizacje.;Potrafię interpretować proste wizualizację.;,Średnio.,Studia;Praca;,"czytelność, intucyjność","wysokość trzonu, średnica kapelusza, szerokość trzonu","sposób przystania blaszek do trzonu, szerokość trzonu, podstawa trzonu, powierzchnia trzonu, typ hymenoforu",Psychologia stosowana,Tak.,,
35,1.17.24 13:03:54,1.17.24 13:08:08,anonymous,Potwierdzam.,Wyrażam zgodę.,Tak.,Nisko.,po gładkim spodzie kapelusza grzyba ,po blaszkach na spodzie kapelusza ,z pokolenia na pokolenie,"Tak, rzadko.",Zjeść grzyby kupione w sklepie.;Zjeść grzyby zebrane przez członka rodziny lub bliskiego przyjaciela.;,Potrafię tworzyć proste wizualizacje.;Potrafię interpretować proste wizualizację.;,Średnio.,Studia;,"przejrzysta, czytelnia, wierna rzeczywistości ",bardzo nieczytelna jest ta grafika ,"nie, ponieważ tekst jest zbyt blisko siebie i jest monochromatyczny ",elektroniczne przetwarzanie informacji ,Tak.,,
36,1.17.24 14:58:53,1.17.24 15:03:18,anonymous,Potwierdzam.,Wyrażam zgodę.,Tak.,Zdecydowanie nisko.,"Blaszki, kolor",Kolor,Z życia,"Nie, nigdy.",Zjeść grzyby zebrane przez członka rodziny lub bliskiego przyjaciela.;Zjeść grzyby kupione w sklepie.;,Potrafię tworzyć proste wizualizacje.;,Średnio.,Studia;,.,.,.,Zarządzanie,Nie.,,
37,1.18.24 9:27:20,1.18.24 9:44:22,anonymous,Potwierdzam.,Wyrażam zgodę.,Tak.,Nie mam żadnej wiedzy na ten temat.,"Po strukturze pod kapeluszem - tzn ""gąbka""","Po strukturze pod kapeluszem - tzn ""blaszki""",Od rodziny,"Tak, rzadko.","Zjeść grzyby kupione w sklepie.;Zjeść grzyby kupione na targu lub na stoisku przy drodze.;Zjeść grzyby zebrane przez członka rodziny lub bliskiego przyjaciela.;Zjeść grzyby, które sam/sama zebrałam/em.;",Potrafię tworzyć proste wizualizacje.;Potrafię interpretować proste wizualizację.;,Wysoko.,Studia;,"Minimalizm, czytelność, przejrzystość","Nie, nie jestem a stanie. Na przedstawionym wykresie dolna legenda została ucięta.","Powołując się na własną wiedzę, nie jestem w stanie stwierdzić czy którąkolwiek z powyższych cech może określać jadalność grzyba.",FBU,Tak.,,
38,1.19.24 11:24:34,1.19.24 11:27:19,anonymous,Potwierdzam.,Wyrażam zgodę.,Tak.,Nie umiem ocenić.,rosną w lesie,gabka albo blaszki,ze szkoły,"Nie, nigdy.",Zjeść grzyby kupione w sklepie.;Zjeść grzyby kupione na targu lub na stoisku przy drodze.;,Nie potrafię tworzyć wizualizacji.;Nie potrafię interpretować wizualizacji.;,Średnio.,Nie mam takich umiejętności.;,być przejrzysta,nie jestem w stanie określić,nie,zarządzanie zakupami w biznesie,Tak.,,
39,1.22.24 10:29:39,1.22.24 10:44:05,anonymous,Potwierdzam.,Wyrażam zgodę.,Tak.,Nisko.,"Po ich blaszce od spodu, jeżeli mają struny takie jak pieczarka to są jadalne, oczywiście są też wyjątki jak na przykład kurki które blaszki nie mają ale są jadalne","Też po blaszce od spodu tam nie ma tej struny i pewnie po kolorze tak jak muchomor, im bardziej atrakcyjnie wygląda tym bardziej pewnie trujący ",Z liceum z lekcji biologii i z TikToka,"Nie, nigdy.",Zjeść grzyby kupione w sklepie.;Zjeść grzyby zebrane przez członka rodziny lub bliskiego przyjaciela.;,Potrafię interpretować zaawansowane wizualizacje.;Potrafię tworzyć proste wizualizacje.;,Nie umiem ocenić.,Praca;Studia;,"Powinna nie być długa, ani nie za krótka, jednak lepiej za krótka niż za dluga, powinna zabierać kolorowe obrazy ale nie za dużo i nie w różnych odcieniach, wszystko musi do siebie kolorystycznie pasować aby się nie gryzło i nie budziło niepokoju. Muszą być zawarte słowa kluczowe, najlepiej podkreślone albo pogrubione, dla osób które jak ja mają problem z wyłapywaniem najistotniejszych informacji. Dobrze zrobiona wizualizacja danych powinna być również poparta przykładami, najlepiej zabawnymi ale nie przesadzonymi, żeby łatwiej zapamiętać oraz na samym końcu powinny być przedstawione źródła do których się odniesiono, dla osób których temat bardziej zainteresował.","Wydaje mi się że są tu podane ogólne informacje na co zwracać uwagę przy wyborze grzybów, na końcu nazw podane są jednostki jak cm, gęste, rzadkie, mm, żółty, brak które wpływają na to czy fala od jednostki 0,0 idzie w lewo czy w prawo co ma wpływ na to czy grzyb może być prawdopodobnie trujący czy nie. Czerwony oznacza wysokie prawdopodobieństwo trującego niebieski nisko trującego ",-,Zarządzanie informacją ,Tak.,,
40,1.22.24 10:49:39,1.22.24 11:10:46,anonymous,Potwierdzam.,Wyrażam zgodę.,Tak.,Średnio.,"Po kolorze i kształcie blaszek, mają one zazwyczaj neutralne, bezowe kolory","Po kolorze i blaszkach lub ich braku, często zamiast blaszek ich spod jest gąbczasty",Z rodzinnych wypraw na grzyby,"Tak, rzadko.","Zjeść grzyby kupione w sklepie.;Zjeść grzyby zebrane przez członka rodziny lub bliskiego przyjaciela.;Zjeść grzyby, które sam/sama zebrałam/em.;",Potrafię tworzyć proste wizualizacje.;Potrafię interpretować proste wizualizację.;,Średnio.,Studia;,"Przejrzysta, zawiera kluczowe dane, zrozumiała, opisująca pokazane dane, co oznaczają","Nie zmienia koloru lub brak mleczka, wysokość trzonu, średnica kapelusza, szerokość trzonu","Na zmianę klasyfikacji grzyba wpływa sposób przyrastania blaszek (przyrosniete lub nie), szerokość trzonu, jego powierzchnia (gładka lub błyszcząca) oraz typ hymenoforu (zasnówka)",Zarządzanie informacją,Nie.,,
41,1.22.24 21:42:44,1.22.24 21:51:40,anonymous,Potwierdzam.,Nie wyrażam zgody.,Tak.,Nisko.,Gładki kapelusz ,Blaszki pod kapeluszem,"Od taty i od kolegii, boz atlasów ","Tak, rzadko.",Zjeść grzyby zebrane przez członka rodziny lub bliskiego przyjaciela.;,Potrafię interpretować proste wizualizację.;,Średnio.,Studia;,"Jasne przedstawia informacje, wykorzystane głównie hasła ",Szerokość trzonu i średnica kapelusza ,"Blaszki stają się przyrośnięte, trzon się poszerza, powierzchnia trzonu z gładkie staje się błyszcząca , hymor bez zastowki ",Psychologia stosowana ,Nie.,,
42,1.22.24 21:43:17,1.22.24 21:54:14,anonymous,Potwierdzam.,Wyrażam zgodę.,Tak.,Średnio.,"nie posiadają blaszek, gdy przekroi się je i położę to nie są gorzkie ","przeważnie blaszki pod kapeluszem, gorzkie po przekrojeniu i polizaniu","z przekazów grzybiarzy, książki-poradnik grzyby, czytanie i ogladanie filmów na temat grzybow w internecie","Tak, rzadko.","Zjeść grzyby kupione na targu lub na stoisku przy drodze.;Zjeść grzyby kupione w sklepie.;Zjeść grzyby, które sam/sama zebrałam/em.;",Potrafię interpretować proste wizualizację.;Potrafię tworzyć proste wizualizacje.;,Średnio.,Nie chcę udzielać odpowiedzi.;,"przejrzyście, równo , ma panować tam harmonia ",wysokość trzonu ,pass ,b,Nie.,,
45,1.24.24 9:52:50,1.24.24 10:15:06,anonymous,Potwierdzam.,Wyrażam zgodę.,Tak.,Zdecydowanie nisko.,"Po wyglądzie, zapachu i kształcie","Niektóre można poznać po wyglądzie, jednak niektóre z nich wygladaja identycznie jak jadalne. Dlatego trzeba być ostrożnym ","Głównie z Internetu, ponieważ sam nie interesuje się grzybami","Nie, nigdy.",Zjeść grzyby kupione w sklepie.;Zjeść grzyby zebrane przez członka rodziny lub bliskiego przyjaciela.;,Potrafię interpretować proste wizualizację.;Potrafię interpretować zaawansowane wizualizacje.;,Wysoko.,"Studia;Własne doświadczenia, tworzenie grafik;","Przejrzysta, estetyczna, czytelna, cel wizualizacji powinien być jasny","Wysokość trzonu, szerokość trzonu, zmienia kolor lub puszcza mleczko w reakcji na uszkodzenie, nie zmienia koloru lub brak mleczka, brak blaszek, sposób przyrastania blaszek do trzonu, gęstość blaszek, sposób przyrastania blaszek do trzonu","Zmiana koloru w reakcji na uszkodzenie, przyrośnięte blaszki do trzonu, podstawa trzonu bulwiasta, powierzchnia trzonu blyszczaca, typ hymenoforu bez zasnówki, szerokość trzonu 40mm",Zarządzanie Informacją,Nie.,,
46,1.24.24 11:26:10,1.24.24 11:38:42,anonymous,Potwierdzam.,Wyrażam zgodę.,Tak.,Zdecydowanie nisko.,Rosną w lesie i nie są czerwone,Są czerwone,Z bajki o muchomorze,"Nie, nigdy.",Zjeść grzyby kupione w sklepie.;Zjeść grzyby zebrane przez członka rodziny lub bliskiego przyjaciela.;,Potrafię tworzyć zaawansowane wizualizacje.;Potrafię interpretować zaawansowane wizualizacje.;,Zdecydowanie wysoko.,Studia;Praca;,Musi być czytelna,Raczej nie ,Raczej nie ,Zarządzanie w turystyce i w sporcie ,Tak.,,
47,1.25.24 13:18:15,1.25.24 13:27:32,anonymous,Potwierdzam.,Wyrażam zgodę.,Tak.,Zdecydowanie nisko.,po tym czy mają spód gąbeczkę,czy mają blaszki 😁,ze szkoły podstawowej ,"Nie, nigdy.",Zjeść grzyby kupione w sklepie.;Zjeść grzyby zebrane przez członka rodziny lub bliskiego przyjaciela.;,Nie potrafię tworzyć wizualizacji.;,Średnio.,Nie mam takich umiejętności.;,przejrzysta,nie jestem w stanie,nie jestem w stanie,filmoznawstwo ,Nie.,,
49,1.25.24 23:56:24,1.26.24 0:00:37,anonymous,Potwierdzam.,Wyrażam zgodę.,Tak.,Średnio.,Po kapeluszach (kolory) i czy mają gąbkę od spodu albo rureczki,Odp jak wyżej ,Z atlasu i wiedzy rodzinnej,"Tak, rzadko.",Zjeść grzyby kupione w sklepie.;Zjeść grzyby kupione na targu lub na stoisku przy drodze.;Zjeść grzyby zebrane przez członka rodziny lub bliskiego przyjaciela.;,Potrafię interpretować proste wizualizację.;,Średnio.,Nie mam takich umiejętności.;,Powinna być jasna i czytelna w odbiorze,Nie,Nie,Ochrona dóbr kultury ,Nie.,,
50,1.25.24 23:56:51,1.26.24 0:05:51,anonymous,Potwierdzam.,Wyrażam zgodę.,Tak.,Średnio.,nie wiem ,nie wiem,"z przekazu rodziny, w największej mierze dziadków ","Tak, rzadko.","Zjeść grzyby, które sam/sama zebrałam/em.;Zjeść grzyby, którymi częstuje mnie obca osoba.;Zjeść grzyby zebrane przez członka rodziny lub bliskiego przyjaciela.;Zjeść grzyby kupione na targu lub na stoisku przy drodze.;Zjeść grzyby kupione w sklepie.;",Potrafię tworzyć zaawansowane wizualizacje.;Potrafię interpretować zaawansowane wizualizacje.;,Wysoko.,Studia;Kursy;Praca;,powinna być przejrzysta tzn łatwa w odczycie dla każdego odbiorcy ,"tak, jest to wysokość trzonu w zakresie od 0.5 do 1.0 i wyżej oraz szerokość trzonu w zakresie do około 0.2 ",.,odk ,Nie.,,
51,1.26.24 9:05:07,1.26.24 9:08:38,anonymous,Potwierdzam.,Wyrażam zgodę.,Tak.,Nie mam żadnej wiedzy na ten temat.,Nie wiem,Nie wiem,Z nikąd,"Nie, nigdy.",Nie chcę udzielać odpowiedzi.;,Potrafię tworzyć proste wizualizacje.;Potrafię interpretować proste wizualizację.;,Średnio.,Studia;,"Prosta, łatwa w odbiorze ",Nie,Nie,Zarządzanie mediami i reklamą,Nie.,,
52,1.26.24 9:04:47,1.26.24 9:11:35,anonymous,Potwierdzam.,Wyrażam zgodę.,Tak.,Zdecydowanie nisko.,Chyba po ilości kresek od spodu tego daszku,Tym że są czerwone z kropkami,Tego co kiedyś uslyszalam badz widzialam,"Nie, nigdy.",Zjeść grzyby zebrane przez członka rodziny lub bliskiego przyjaciela.;Zjeść grzyby kupione na targu lub na stoisku przy drodze.;Zjeść grzyby kupione w sklepie.;,Potrafię interpretować zaawansowane wizualizacje.;Potrafię tworzyć proste wizualizacje.;,Wysoko.,Studia;,Być przejrzysta i w kolorze," Gęstość blaszek, zmienia kolor, wysokość trzonu, średnica kapelusza, szerokość trzonu, ","Sposób przyrastania trzonu, szerokość trzonu, podstawa trzonu, powierzchnia trzonu  typ hymenoforu",Zarzadzanie kultura I mediami ,Tak.,,
53,1.26.24 9:07:28,1.26.24 9:11:43,anonymous,Potwierdzam.,Wyrażam zgodę.,Tak.,Średnio.,Po gąbczastej strukturze spodu grzyba,Po strunowej strukturze spodu grzyba ,"Że szkoły podstawowej, z Internetu ","Tak, rzadko.","Zjeść grzyby kupione w sklepie.;Zjeść grzyby kupione na targu lub na stoisku przy drodze.;Zjeść grzyby zebrane przez członka rodziny lub bliskiego przyjaciela.;Zjeść grzyby, które sam/sama zebrałam/em.;",Potrafię tworzyć proste wizualizacje.;Potrafię interpretować proste wizualizację.;,Nisko.,Nie mam takich umiejętności.;,"Przejrzystość w przedstawionych informacjach, jak najprostsze przedstawienie danych ",Nie ,Nie ,Zarządzanie mediami i reklamą ,Nie.,,
55,1.26.24 12:07:47,1.26.24 12:41:43,anonymous,Potwierdzam.,Wyrażam zgodę.,Tak.,Średnio.,"Większość grzybów jadalnych pod kapeluszem na rurki, tylko część blaszki. Jadalność można poznać też po odpowiednim wyglądzie (wielkości, kolorze), zapachu, konsystencji grzyba charakterystycznych dla danego gatunku.","Po blaszkach pod kapeluszem (w większości przypadków), charakterystycznym kolorze, czy elementach, które często mają za zadanie odstraszać (jak np. muchomory: czerwony kolor kapelusza z białymi kropkami lub kolor zielony) i innych cechach charakterystycznych dla danego gatunku - wielkości, kolorze, zapachu, konsystencji.","Z tzw. wiedzy ogólnej: od rodziny, znajomych, z internetu.","Nie, nigdy.",Zjeść grzyby kupione w sklepie.;Zjeść grzyby kupione na targu lub na stoisku przy drodze.;Zjeść grzyby zebrane przez członka rodziny lub bliskiego przyjaciela.;,Potrafię tworzyć zaawansowane wizualizacje.;Potrafię interpretować zaawansowane wizualizacje.;,Wysoko.,Studia;,"Powinna być przejrzysta, mieć wyraźnie, niezlewające się ze sobą kolory (lub odcienie szarości) i jasny opis/legendę.","Wydaje mi się, że jestem w stanie określić - będą to cechy, których SHAP value jest wyższą niż 0: wysokość trzonu cm, średnica kapelusza cm, szerokość trzonu mm.","Największy wpływ na zmianę klasyfikacji grzyba mają wartości oznaczone ""*"" oraz opatrzone komentarzem w kolumnie ""modified value"": sposób przyrastania blaszek do trzonu, szerokość trzonu, podstawa trzonu, powierzchnia trzonu, typ hymenoforu.",zarządzanie kulturą współczesną,Tak.,,
56,1.26.24 12:47:52,1.26.24 14:37:40,anonymous,Potwierdzam.,Wyrażam zgodę.,Tak.,Zdecydowanie nisko.,"Brak białych kropkach na grzybie, spód jest gąbczasty ",Białe kropki na grzybie,"Z domu, z usłyszanych rozmów dziadków ","Nie, nigdy.",Zjeść grzyby kupione w sklepie.;Zjeść grzyby zebrane przez członka rodziny lub bliskiego przyjaciela.;,Potrafię tworzyć proste wizualizacje.;Potrafię interpretować proste wizualizację.;,Średnio.,Studia;,"Prostota danych i ich czytelność, wyraźnie podane czynniki ",Nie,Nie,Zarządzanie organizacjami kultury ,Tak.,,
57,1.26.24 14:39:09,1.26.24 14:42:02,anonymous,Potwierdzam.,Nie wyrażam zgody.,Tak.,Nie umiem ocenić.,Kolor,Mają coś typu pleśń ,Ze szkoły ,"Nie, nigdy.",Zjeść grzyby kupione w sklepie.;Zjeść grzyby kupione na targu lub na stoisku przy drodze.;,Nie potrafię interpretować wizualizacji.;,Zdecydowanie nisko.,Nie mam takich umiejętności.;,Spójność ,Nie jestem w stanie ,Nie jestem w stanie ,Filologia hiszpańska ,Nie.,,
58,1.26.24 15:15:05,1.26.24 15:22:33,anonymous,Potwierdzam.,Wyrażam zgodę.,Tak.,Nisko.,nie wiem,nie wiem,od rodziny,"Nie, nigdy.",Zjeść grzyby kupione w sklepie.;,Potrafię interpretować proste wizualizację.;,Nisko.,Nie mam takich umiejętności.;,"czytelność, przejrzystość","wysokosc trzonu, szerokosc trzonu, srednica kapelusza",nie wiem,Filologia Hiszpańska ,Nie.,,
59,1.26.24 15:18:24,1.26.24 15:24:28,anonymous,Potwierdzam.,Wyrażam zgodę.,Tak.,Zdecydowanie nisko.,nie mają blaszki pod spodem,mają blaszki pod spodem,rodzice,"Nie, nigdy.",Zjeść grzyby kupione w sklepie.;Zjeść grzyby zebrane przez członka rodziny lub bliskiego przyjaciela.;,Nie potrafię tworzyć wizualizacji.;Nie potrafię interpretować wizualizacji.;,Nie mam żadnych umiejętności w tym zakresie.,Nie mam takich umiejętności.;,nie wiem,nie,nie,filologia hiszpańska,Nie.,,
60,1.26.24 15:15:46,1.26.24 15:31:55,anonymous,Potwierdzam.,Nie wyrażam zgody.,Tak.,Nisko.,"Po wyglądzie, kolorze, strukturze ",Wygląd,Od innych osób ,"Nie, nigdy.",Zjeść grzyby zebrane przez członka rodziny lub bliskiego przyjaciela.;Zjeść grzyby kupione w sklepie.;,Potrafię interpretować proste wizualizację.;Potrafię tworzyć proste wizualizacje.;,Nie umiem ocenić.,Nie chcę udzielać odpowiedzi.;,"Czytelność, przejrzystość, prostota ",Chyba nie ,"Sposób przyrastania blaszki do trzonu, wygląd trzonu ",Filologia hiszpańska ,Nie.,,
61,1.26.24 17:10:48,1.26.24 17:13:40,anonymous,Potwierdzam.,Wyrażam zgodę.,Tak.,Zdecydowanie nisko.,Nie wiem,Nie wiem,Nie mam,"Nie, nigdy.",Zjeść grzyby zebrane przez członka rodziny lub bliskiego przyjaciela.;Zjeść grzyby kupione w sklepie.;Zjeść grzyby kupione na targu lub na stoisku przy drodze.;,Potrafię tworzyć proste wizualizacje.;Potrafię interpretować proste wizualizację.;,Nie mam żadnych umiejętności w tym zakresie.,Nie mam takich umiejętności.;,"Czytelna, prosta.",Zdecydowanie nie,Nie jestem w stanie,filologia hiszpańska,Tak.,,
62,1.26.24 18:35:21,1.26.24 18:48:26,anonymous,Potwierdzam.,Nie wyrażam zgody.,Tak.,Zdecydowanie nisko.,Nie wiem.,Po kolorze,"Nie posiadam takiej wiedzy, ewentualnie znikomą z podręczników do biologii na wczesnych etapach edukacji.","Nie, nigdy.",Zjeść grzyby kupione w sklepie.;Zjeść grzyby kupione na targu lub na stoisku przy drodze.;Zjeść grzyby zebrane przez członka rodziny lub bliskiego przyjaciela.;,Potrafię interpretować zaawansowane wizualizacje.;Potrafię tworzyć proste wizualizacje.;,Średnio.,"edukacja licealna, samodzielne dokształcanie na stronach internetowych;","przejrzystość (poprzez kolory, kształty, rozmieszczenie), odpowiednia ilość danych (brak natłoku informacji), estetyczność i schludność, poprawność merytoryczna","wysokość trzonu, średnica kapelusza","przyrośnięcie blaszek do trzonu, bulwiasta podstawa trzonu, błyszcząca powierzchnia trzonu, typ hymenoforu bez zasnówki - żaden z obu wykresów nie jest dla mnie zbyt jasny i czytelny, zwłaszcza ten powyższy",Filologia hiszpańska,Nie.,,
63,1.26.24 21:07:04,1.26.24 21:13:44,anonymous,Potwierdzam.,Wyrażam zgodę.,Tak.,Zdecydowanie nisko.,nie wiem,nie wiem ,nie mam takiej wiedzy,"Nie, nigdy.",Zjeść grzyby kupione w sklepie.;Zjeść grzyby zebrane przez członka rodziny lub bliskiego przyjaciela.;,Potrafię tworzyć proste wizualizacje.;Potrafię interpretować proste wizualizację.;,Wysoko.,Studia;,"czytelność, estetyka, brak przesycenia zbędnymi infrmacjami, związek rafiki z opiywanym tematem","nie, ciężko strasznie odczytać, nie chce mi się wkładać aż tyle wysiłku żeby to rozczytać, zajeło by to dużo czasu, poza tym drażnią mnie ""-"" pomiędzy słowami","to nie jest wizualizacja! to dala mnie tekst chaotycznie zapisany nieprzyjemną, udającą ""maszynową"" czcionkę ",Zarządzanie informacją ,Nie.,,
65,1.26.24 23:34:52,1.26.24 23:42:46,anonymous,Potwierdzam.,Wyrażam zgodę.,Tak.,Zdecydowanie nisko.,Po rodzaju spodu grzyba.,Po rodzaju spodu grzyba.,Nie posiadam takiej wiedzy. Nigdy mnie to nie interesowało.,"Nie, nigdy.",Zjeść grzyby kupione w sklepie.;,Nie potrafię tworzyć wizualizacji.;Potrafię interpretować proste wizualizację.;,Nie mam żadnych umiejętności w tym zakresie.,Nie mam takich umiejętności.;,Powinna być przejrzysta i czytelna.,Nie potrafię.,"Największy wpływ mają zmiany w sposobie przyrastania blaszek do trzonu, jego szerokości, zmian w podstawie i na powierzchni oraz typ hymenoforu.",Filologia hiszpańska ,Nie.,,
66,1.27.24 15:13:14,1.27.24 15:22:29,anonymous,Potwierdzam.,Wyrażam zgodę.,Tak.,Nie umiem ocenić.,"Czy mają blaszki czy sitko, ale zdarzają się też grzyby trujące podobne do jadalnych i odwrotnie ",Najczęściej są nie ruszone przez zwierzęta ,"Nie jestem pewna, z dzieciństwa z książek, z gry o grzybach, opowieści rodziny","Tak, rzadko.",Zjeść grzyby kupione w sklepie.;,Potrafię tworzyć proste wizualizacje.;Potrafię interpretować zaawansowane wizualizacje.;,Wysoko.,Studia;Praca;,"Powinna być czytelna, w miarę łatwa do zrozumienia ","Duża wysokość trzonu, duża średnica kapelusza i żółty kolor kapelusza","Średnica kapelusza, sposób przyrastania blaszek",Dziennikarstwo i komunikacja społeczna ,Tak.,,
67,1.28.24 18:10:35,1.28.24 18:50:38,anonymous,Potwierdzam.,Wyrażam zgodę.,Tak.,Zdecydowanie nisko.,są często nadjedzone przez robaki lub ślimaki,często mają specyficzne kolory,od znajomej,"Tak, rzadko.",Zjeść grzyby kupione w sklepie.;,Potrafię tworzyć proste wizualizacje.;Potrafię interpretować proste wizualizację.;,Nie umiem ocenić.,Studia;,"czytelna, przekazująca wszystkie potrzebne informacje, reprezentatywna dla problemu",wysokość trzonu cm,"sposób przyrastania blaszek do trzonu, podstawa trzonu, typ hymenoforu",Filmoznawstwo i wiedza o nowych mediach,Nie.,,
68,1.28.24 19:43:11,1.28.24 19:46:49,anonymous,Potwierdzam.,Wyrażam zgodę.,Tak.,Średnio.,Nie wiem ,Po jaskrawych kolorach ,.,"Nie, nigdy.",Zjeść grzyby kupione w sklepie.;Zjeść grzyby kupione na targu lub na stoisku przy drodze.;,Potrafię interpretować proste wizualizację.;Nie potrafię tworzyć wizualizacji.;,Nisko.,Nie mam takich umiejętności.;,Nie wiem ,Nie,Nie,Filologia hiszpańska ,Nie.,,
69,1.28.24 19:55:17,1.28.24 19:58:21,anonymous,Potwierdzam.,Wyrażam zgodę.,Tak.,Średnio.,po kupie ,po blaszkach hoho,od babuni,"Nie, nigdy.",Zjeść grzyby kupione w sklepie.;Zjeść grzyby kupione na targu lub na stoisku przy drodze.;Zjeść grzyby zebrane przez członka rodziny lub bliskiego przyjaciela.;,Potrafię interpretować proste wizualizację.;Potrafię tworzyć proste wizualizacje.;,Wysoko.,Nie chcę udzielać odpowiedzi.;,powinna być czytelna ,nmoe,nie uimie ,pedofililigia xdddd,Tak.,,
70,1.29.24 9:08:21,1.29.24 10:09:35,anonymous,Potwierdzam.,Nie wyrażam zgody.,Tak.,Nisko.,"Kapelusz musi być nieuszkodzony, nierozpadający się ",Po białych cętkach na kapeluszu i intensywnym zapachu ,Od dziadka grzybiarza i chatu gpt,"Tak, rzadko.",Zjeść grzyby kupione na targu lub na stoisku przy drodze.;Zjeść grzyby kupione w sklepie.;Zjeść grzyby zebrane przez członka rodziny lub bliskiego przyjaciela.;,Potrafię tworzyć proste wizualizacje.;Potrafię interpretować proste wizualizację.;,Nisko.,Liceum;,być atrakcyjnie i przejrzyście przedstawiona,"Nie nie mogę ponieważ na wykresie nie ma danych o cechach występujących po prawej stronie, nie ma rozróżnienia na strony
","Według tego wykresu nie mogę stwierdzić, ponieważ ten wykres nie zawiera danych na temat takiej klasyfikacji, z własnego doświadczenia mogę powiedzieć że jedyną taką cechą jest zmiana powierzchni trzonu z gładkiej na błyszczącą ",Filologia hiszpańska ,Nie.,,
71,1.29.24 12:22:54,1.29.24 12:33:38,anonymous,Potwierdzam.,Wyrażam zgodę.,Tak.,Nisko.,Pod kapeluszem pojawia się gąbka.,"Pod kapeluszem pojawia się harmonijka, chociaż np. kurka ma harmonijkę, a jest jadalna.","Czytam książki, poradniki, ale przeważnie chodzę zbierać grzyby z kimś kto posiada większą wiedzę niż ja.","Tak, często.","Zjeść grzyby kupione w sklepie.;Zjeść grzyby kupione na targu lub na stoisku przy drodze.;Zjeść grzyby zebrane przez członka rodziny lub bliskiego przyjaciela.;Zjeść grzyby, które sam/sama zebrałam/em.;",Potrafię tworzyć proste wizualizacje.;Potrafię interpretować proste wizualizację.;,Wysoko.,Studia;,Czytelna,"Wysokość trzonu cm 
Średnica kapelusza 
Szerokość trzonu
Zmienia kolor lub puszcza mleczko w reakcji na uszkodzenie...
Gęstość blaszek","Na pewno wysokość trzonu, im wyższy tym większe prawdopodobieństwo, że to trujący grzyb. ",Zarządzanie mediami i reklamą ,Nie.,,
72,1.29.24 17:30:24,1.29.24 17:50:06,anonymous,Potwierdzam.,Wyrażam zgodę.,Tak.,Nie mam żadnej wiedzy na ten temat.,Po tym że znajdują się w atlasach które mówią jakie grzyby można a jakie nie można jeść,po białych kropkach na kapeluszach,Zajęć z biologii w szkole podstawowej,"Nie, nigdy.",Zjeść grzyby kupione na targu lub na stoisku przy drodze.;Zjeść grzyby kupione w sklepie.;Zjeść grzyby zebrane przez członka rodziny lub bliskiego przyjaciela.;,Potrafię interpretować zaawansowane wizualizacje.;Potrafię tworzyć proste wizualizacje.;,Wysoko.,Studia;Praca;,Czytelna i zawierająca wszystkie najważniejsze informacje dla osób trzecich w zrozumiały sposób,Top 2 są najbardziej wpływowe na to czy grzyb jest trójący,Nie,Dziennikarstwo i Komunikacja Społeczna,Nie.,,
73,1.29.24 18:08:22,1.29.24 18:20:35,anonymous,Potwierdzam.,Wyrażam zgodę.,Tak.,Średnio.,"Po specyficznej piance pod kapeluszem, jednak niektóre też są trujące ",Blaszki pod kapeluszem,"Przekazana przez rodzinę, filmy na YouTube.","Nie, nigdy.","Zjeść grzyby kupione w sklepie.;Zjeść grzyby zebrane przez członka rodziny lub bliskiego przyjaciela.;Zjeść grzyby, które sam/sama zebrałam/em.;",Potrafię interpretować proste wizualizację.;Potrafię tworzyć proste wizualizacje.;,Średnio.,Technikum ;,"Wartościowość, przejrzystość ",Wykonuje ankietę na telefonie i jest ona dla mnie nieczytelna.,Nie,Zarządzanie informacja,Nie.,,
75,1.30.24 11:33:03,1.30.24 11:39:00,anonymous,Potwierdzam.,Nie wyrażam zgody.,Tak.,Nie mam żadnej wiedzy na ten temat.,Po rurkach (jadalne),"Po kapeluszu grzyba lub blaszkach, które wskazują że są to zazwyczaj grzyby niejadalne",Od taty,"Tak, rzadko.","Zjeść grzyby zebrane przez członka rodziny lub bliskiego przyjaciela.;Zjeść grzyby, które sam/sama zebrałam/em.;",Potrafię tworzyć proste wizualizacje.;Potrafię interpretować proste wizualizację.;,Średnio.,Studia;,Klarowne ,"Wysokość trzonu,",Nie,Zarządzanie w reklamie i mediach,Nie.,,
76,1.30.24 12:09:21,1.30.24 12:11:08,anonymous,Potwierdzam.,Wyrażam zgodę.,Tak.,Średnio.,Po grzybni,Po kolorze kapelusza,z książek,"Nie, nigdy.",Zjeść grzyby kupione w sklepie.;Zjeść grzyby zebrane przez członka rodziny lub bliskiego przyjaciela.;,Potrafię tworzyć proste wizualizacje.;,Średnio.,Praca;,"przejrzysta, kolorowa",nie,nie,zarządzanie mediami i reklamą,Tak.,,
77,1.30.24 13:52:45,1.30.24 14:00:30,anonymous,Potwierdzam.,Wyrażam zgodę.,Tak.,Zdecydowanie nisko.,"Nie mam pojęcia. Wiem jak wygląda prawdziwek, ale znając życie i tak bym się pomyliła i zebrała coś niejadalnego.",No jak jest czerwony i ma kropki to znaczy że jest niejadalny. ,Z wyjść na grzyby z rodziną,"Tak, rzadko.",Zjeść grzyby kupione w sklepie.;Zjeść grzyby kupione na targu lub na stoisku przy drodze.;Zjeść grzyby zebrane przez członka rodziny lub bliskiego przyjaciela.;,Potrafię tworzyć proste wizualizacje.;Potrafię interpretować proste wizualizację.;,Średnio.,Studia;,być dobrze czytelna i z dobrą legendą,nie,nie,zarządzanie mediami i reklamą,Nie.,,
79,1.30.24 16:53:34,1.30.24 17:12:53,anonymous,Potwierdzam.,Wyrażam zgodę.,Tak.,Wysoko.,po tym czy kapelusz ma gąbkę czy blaszki,po blaszkach,przekaz rodzinny,"Tak, często.","Zjeść grzyby kupione w sklepie.;Zjeść grzyby kupione na targu lub na stoisku przy drodze.;Zjeść grzyby zebrane przez członka rodziny lub bliskiego przyjaciela.;Zjeść grzyby, które sam/sama zebrałam/em.;",Potrafię tworzyć zaawansowane wizualizacje.;Potrafię interpretować zaawansowane wizualizacje.;,Wysoko.,Studia;Praca;,"prosta i intuicyjna do interpretacji, a zarazem w pełni wyczerpująca temat",wysokość trzonu,nie,kognitywistyka,Nie.,,
80,1.30.24 18:02:34,1.30.24 18:15:44,anonymous,Potwierdzam.,Wyrażam zgodę.,Tak.,Zdecydowanie nisko.,Po tym że mają blaszki?????? ,Po tym że są muchomorem,Nie mam takiej wiedzy ,"Nie, nigdy.",Zjeść grzyby kupione w sklepie.;Zjeść grzyby kupione na targu lub na stoisku przy drodze.;Zjeść grzyby zebrane przez członka rodziny lub bliskiego przyjaciela.;,Potrafię tworzyć proste wizualizacje.;Potrafię interpretować proste wizualizację.;,Średnio.,Studia;,Kolory ,"Wysoki trzon
Cienki trzon
Mała lub średnia średnica kapelusza","Szeroki połyskliwy trzon, bez zasnowki?, ",Kognitywistyka ,Nie.,,
81,1.30.24 20:35:08,1.30.24 20:40:02,anonymous,Potwierdzam.,Wyrażam zgodę.,Tak.,Wysoko.,"Po kolorze, po tym czy sinieją przy dotknięciu, czy mają blaszki, czy zostawiają gorzki posmak na języku","Po kolorze, blaszkach, gorzkim posmaku na języku ",Od babci ,"Tak, rzadko.","Zjeść grzyby zebrane przez członka rodziny lub bliskiego przyjaciela.;Zjeść grzyby, które sam/sama zebrałam/em.;Zjeść grzyby kupione w sklepie.;",Nie potrafię tworzyć wizualizacji.;,Średnio.,Nie mam takich umiejętności.;,"Jasna, przejrzysta, poukładana","Nie wiem, wysokość trzonu, średnica kapelusza, szerokość trzonu",sposób przyrastania blaszek do trzonu,"prawo, relacje miedzykulturowe",Nie.,,
85,1.30.24 21:37:09,1.30.24 21:48:14,anonymous,Potwierdzam.,Wyrażam zgodę.,Tak.,Zdecydowanie nisko.,"rozpoznałbym może pieczarkę i kurkę, ale wolę napisać że nie rozpoznaję grzybów w ogóle.","wygląda jak muchomor, ale wszystkie grzyby się powinno traktowac jako niejadalne, jesli nie jest się pewnym że jest jadalny.","Nie posiadam takiej wiedzy, poza ogólną w stylu - muchomor - nie jedz","Nie, nigdy.",Zjeść grzyby kupione w sklepie.;Zjeść grzyby kupione na targu lub na stoisku przy drodze.;Zjeść grzyby zebrane przez członka rodziny lub bliskiego przyjaciela.;,Potrafię tworzyć proste wizualizacje.;Potrafię interpretować zaawansowane wizualizacje.;,Średnio.,Studia;lubię statystyki więc przy przeglądaniu raportów trochę się tego naooglądałem;,"czytelność, dobrze opisana legenda, brak niepotrzebnych udziwnień, dostosowana do targetu.","wysoki trzon, mała średnica trzonu, zmienia kolor i puszcza mleczko po uszkodzeniu.", ,"filmoznawstwo, zarządzanie kulturą i mediami.",Nie.,,
86,1.30.24 21:44:01,1.30.24 21:51:25,anonymous,Potwierdzam.,Wyrażam zgodę.,Tak.,Wysoko.,"W dużym uproszczeniu grzyby z gąbeczką bywają jadalne częściej niż te z blaszką. Można też wziąć grzyba na język i spróbować - gorzkie/cierpkie/szczypiące lepiej zostawić w lesie. Zbieram tylko te gatunki grzybów, które dobrze znam i nowe gatunki wolę poznawać pod opieką kogoś bardziej doświadczonego. ","Częściej miewają blaszki niż gąbeczki, zostawiają gorzki posmak na języku, czasem brzydko pachną. Profilaktycznie uznaję za takie wszystkie grzyby, których nie rozpoznaję. ","Mój dziadek był przez wiele lat leśniczym. Mieszkam w górach i zbieranie grzybów, jagód i innych darów lasu to u nas rodzinna tradycja. Dziadek i mama pokazali mi jadalne gatunki, które zbieram. ","Tak, często.","Zjeść grzyby kupione w sklepie.;Zjeść grzyby zebrane przez członka rodziny lub bliskiego przyjaciela.;Zjeść grzyby, które sam/sama zebrałam/em.;",Nie potrafię tworzyć wizualizacji.;Potrafię interpretować proste wizualizację.;,Średnio.,Nie mam takich umiejętności.;,powinna być czytelna i akceptowalna estetycznie,wysokość trzonu,nie,Filologia słowiańska,Nie.,,
87,1.30.24 21:57:54,1.30.24 22:08:57,anonymous,Potwierdzam.,Wyrażam zgodę.,Tak.,Nie mam żadnej wiedzy na ten temat.,po wyglądzie,po smaku,nie mam za dużej ,"Tak, rzadko.","Zjeść grzyby kupione w sklepie.;Zjeść grzyby kupione na targu lub na stoisku przy drodze.;Zjeść grzyby zebrane przez członka rodziny lub bliskiego przyjaciela.;Zjeść grzyby, które sam/sama zebrałam/em.;",Potrafię tworzyć proste wizualizacje.;Potrafię interpretować zaawansowane wizualizacje.;,Wysoko.,Nie chcę udzielać odpowiedzi.;,gęstość informacji i jej intuicyjne przyswojenie,wymiary grzyba,"grafika dla mnie niewystarczająco opisana, nie będę udawał, ale odpowiedź to ""cechy z gwiazdką""",kognitywistyka II stopień,Tak.,,
88,1.30.24 21:35:32,1.30.24 23:11:36,anonymous,Potwierdzam.,Wyrażam zgodę.,Tak.,Zdecydowanie nisko.,"Kolor, blak blaszek od spodu",Blaszki od spodu,Od rodziny i znajomych,"Tak, rzadko.",Zjeść grzyby kupione w sklepie.;Zjeść grzyby zebrane przez członka rodziny lub bliskiego przyjaciela.;,Potrafię tworzyć proste wizualizacje.;Potrafię interpretować proste wizualizację.;,Nisko.,Studia;,"dobra baza danych (wiarygodnych), odpowiednia legenda, opracowanie właściwej metody wizualizacji do problematyki",Największe znaczenie ma wysokość trzonu grzyba w cm,Nie umiem odpowiedzieć na to pytanie,"Prawo, filologia francuska ",Nie.,,
89,1.30.24 23:43:07,1.30.24 23:54:56,anonymous,Potwierdzam.,Wyrażam zgodę.,Tak.,Wysoko.,"Często budowa hymenoforu pozwala na odsiew grzybów nietrujących od trujących, ale nie jest to zawsze pewnik. Można wymieniać wiele cech - obecność pochwy, zabarwienie po nacięciu, rodzaj lasu w którym rośnie.","Znowu można wymienić wiele cech, takich jak n.p obecność pochwy u muchomorowatych grzybów, zapach, czy barwę po nacięciu. Nie ma jednoznacznej cechy, która pozwala rozróżnić grzyb trujący od jadalnego.","Atlasy, internet, fora grzybowe.","Tak, często.","Zjeść grzyby, które sam/sama zebrałam/em.;",Potrafię interpretować zaawansowane wizualizacje.;,Wysoko.,Studia;Praca;,"czytelna, dużo danych hehe","pewnie ta, wysokość średnica",nie chce mi się ,sinologia,Tak.,,
90,1.31.24 9:52:43,1.31.24 10:07:03,anonymous,Potwierdzam.,Wyrażam zgodę.,Tak.,Nisko.,Występowanie gąbki pod kapeluszem,Brak gąbki oraz kształt przypominający muchomora,Głównie z filmików na youtube,"Nie, nigdy.",Zjeść grzyby kupione w sklepie.;Zjeść grzyby zebrane przez członka rodziny lub bliskiego przyjaciela.;,Potrafię tworzyć proste wizualizacje.;Potrafię interpretować proste wizualizację.;,Średnio.,Studia;,"Przejrzystość, schludny wygląd wizualizacji","Wysokość trzonu, średnica kapelusza, szerokość trzonu, zmienia kolor lub puszcza mleczko w reakcji na uszkodzenie nie zmienia koloru lub brak mleczka","Przyrośnięta blaszka do trzonu, szerokość trzonu, bulwiasta podstawa trzonu, błyszcząca powierzchnia trzonu, brak zasnówki",Informatyka Stosowana,Nie.,,
91,1.31.24 9:51:05,1.31.24 10:12:15,anonymous,Potwierdzam.,Wyrażam zgodę.,Tak.,Średnio.,"Przyjemny zapach, wiadomy gatunek","Gdzie rośnie, przyjemny zapach, pory, znajomy gatunek grzyba ","Specyficzne cechy kapelusza, koloru i kształtu kapelusza, blaszki, nieprzyjemny zapach","Tak, rzadko.",Zjeść grzyby kupione w sklepie.;,Potrafię interpretować proste wizualizację.;,Średnio.,Praca;Studia;,"klarowność i czytelność, reprezentacja danych, estetyczna","Tak, pierwsze trzy cechy ",Nie,Informatyka Stosowana,Nie.,,
92,1.31.24 10:09:11,1.31.24 10:24:48,anonymous,Potwierdzam.,Wyrażam zgodę.,Tak.,Średnio.,"Na spodzie kapelusza jest gąbka a nie blaszka (ale zdarzają się wyjątki, trzeba uważać)",Na spodzie kapelusza jest  blaszka,Chodziłam na grzyby z rodzicami/ rodzeństwem ,"Tak, rzadko.",Zjeść grzyby kupione w sklepie.;,Potrafię tworzyć proste wizualizacje.;Potrafię interpretować proste wizualizację.;,Średnio.,Studia;,"Czytelna, dobrze przeskalowana, dobrze opisana ","Wysoki trzon, mała, bądź średnia średnica kapelusza, mała średnica trzonu, zmiana koloru mleczka w relacji na uszkodzenie, nie zmienia koloru lub brak mleczka","Przyrośnięte blaszki do trzonu, duża szerokość trzonu, podstawa trzonu bulwiasta, powierzchnia trzonu błyszcząca, typ hymenoforu bez zasnówki ",Informatyka stosowana ,Nie.,,
93,1.31.24 11:11:18,1.31.24 11:17:43,anonymous,Potwierdzam.,Wyrażam zgodę.,Tak.,Zdecydowanie nisko.,Po miękkiej powierzchni na dolnej (wewnętrznej) stronie grzyba,Po chropowatej powierzchni na dolnej (wewnętrznej) stronie grzyba,z chodzenia na grzyby z osobami bardziej doświadczonymi,"Tak, rzadko.",Zjeść grzyby kupione w sklepie.;Zjeść grzyby kupione na targu lub na stoisku przy drodze.;Zjeść grzyby zebrane przez członka rodziny lub bliskiego przyjaciela.;,Nie potrafię tworzyć wizualizacji.;Potrafię interpretować proste wizualizację.;,Nisko.,Studia;,"przejrzystość, dokładność","wysokość trzonu w cm, średnica kapelusza w cm, szerokość trzonu w mm","sposób przyrastania jako przyrośnięte, większa szerokość trzonu, podstawa trzonu bulwiasta, powierzchnia trzonu błyszcząca, typ hymenoforu bez sanówki",Kognitywistyka,Tak.,,
94,1.31.24 11:24:18,1.31.24 11:27:48,anonymous,Potwierdzam.,Wyrażam zgodę.,Tak.,Nie mam żadnej wiedzy na ten temat.,Po tym że po ich zjedzeniu się nie umiera,Po zjedzeniu grzybow trujących człowiek się truje lub umiera,Nie mam wiedzy ,"Nie, nigdy.",Nie chcę udzielać odpowiedzi.;,Potrafię interpretować proste wizualizację.;Potrafię tworzyć proste wizualizacje.;,Nisko.,Kursy;Praca;,Być czytelna,Ma wysoki trzon ,Nie wiem ,Politologia,Nie.,,
95,1.31.24 11:18:41,1.31.24 11:28:27,anonymous,Potwierdzam.,Wyrażam zgodę.,Tak.,Nie mam żadnej wiedzy na ten temat.,Nie wiem,"Nie wiem, jedyny znany mi trujący grzyb to muchomor. ",Nie mam takiej wiedzy,"Nie, nigdy.",Zjeść grzyby zebrane przez członka rodziny lub bliskiego przyjaciela.;Zjeść grzyby kupione w sklepie.;,Potrafię tworzyć proste wizualizacje.;Potrafię interpretować proste wizualizację.;,Nie umiem ocenić.,Studia;,"Na pewno powinna być czytelna, ciekawa dla oka oraz najprościej zrobiona","Wysokość-trzonu-cm w zakresie 0.5-ponad 1, średnica-kapelusza-cm to średni wpływ po prawej stronie 0.0-0.5, szerokość -trzonu-mm w zakresie 0.0 - około 0.20","te zmiany to przyrośnięte, 40.9, bulwiasty, błyszcząca i bez-zasnówki",Informatyk Stosowana,Nie.,,
96,1.31.24 10:53:30,1.31.24 11:45:45,anonymous,Potwierdzam.,Wyrażam zgodę.,Tak.,Nisko.,kapelusz,blaszki pod kapeluszem,atlas grzybów,"Nie, nigdy.",Nie chcę udzielać odpowiedzi.;,Potrafię interpretować proste wizualizację.;Potrafię tworzyć proste wizualizacje.;,Nisko.,Nie mam takich umiejętności.;,czytelna,wysokość trzonu,nie jestem w stanie,Informatyka Stosowana,Tak.,,
97,1.31.24 10:32:18,1.31.24 11:53:09,anonymous,Potwierdzam.,Wyrażam zgodę.,Tak.,Nisko.,"Głównie po braku blaszek pod kapeluszem (są wyjątki jak kurki), gdzie występuje ""gąbka""",Głównie po blaszkach pod kapeluszem ,Głównie za dzieciaka chodziłem z rodzicami zbierać grzyby do lasu,"Tak, rzadko.",Zjeść grzyby zebrane przez członka rodziny lub bliskiego przyjaciela.;,Potrafię interpretować zaawansowane wizualizacje.;Potrafię tworzyć proste wizualizacje.;,Średnio.,Studia;,"Czytelna, zrozumiała","Wysoka wysokość trzonu, niższa średnica kapelusza, średnia szerokość trzonu, nie zmienia koloru lub brak mleczka, utraconą (missing) gęstość blaszek, trochę sposób przyrastania blaszek do trzonu: pory, przyrośnięte i wolne","Sposób przyrastania blaszek do trzonu, szerokość trzonu, podstawa trzonu i jej powierzchnia, typ hymenoforu, ",Informatyka stosowana,Nie.,,
98,1.31.24 12:09:55,1.31.24 12:16:41,anonymous,Potwierdzam.,Wyrażam zgodę.,Tak.,Wysoko.,"Kształt, kolor, blizny, struktura, zapach, sytuacja wzrostu, okres wzrostu.","Kształt, kolor, blizny, struktura, zapach, sytuacja wzrostu, reakcje na substancje chemiczne.",Od ojca,"Tak, rzadko.",Zjeść grzyby kupione w sklepie.;,Potrafię tworzyć zaawansowane wizualizacje.;Potrafię interpretować zaawansowane wizualizacje.;,Wysoko.,Kursy;Studia;," Zrozumiała, czytelna, celowa, estetyczna, interaktywna (jeśli konieczne), poprawna, dostosowywalna.",Nie w stanie,Nie w stanie,Informatyka Stosowana,Tak.,,
99,1.31.24 13:58:30,1.31.24 14:02:59,anonymous,Potwierdzam.,Wyrażam zgodę.,Tak.,Zdecydowanie nisko.,nie mają blaszki pod kapeluszem,mają blaszkę pod kapeluszem,"od babci, która mi opowiadała jak miałem 5 lat","Nie, nigdy.","Zjeść grzyby kupione w sklepie.;Zjeść grzyby kupione na targu lub na stoisku przy drodze.;Zjeść grzyby zebrane przez członka rodziny lub bliskiego przyjaciela.;Zjeść grzyby, którymi częstuje mnie obca osoba.;",Potrafię tworzyć proste wizualizacje.;Potrafię interpretować proste wizualizację.;,Wysoko.,Studia;,mieć czytelną legendę,niestety nie jestem w stanie,"wszystko, co występuje w kolumnie modified value?","chemia, informatyka stosowana",Nie.,,
100,1.31.24 13:58:43,1.31.24 14:18:25,anonymous,Potwierdzam.,Wyrażam zgodę.,Tak.,Nisko.,"Pod spodem mają gąbkę, nie blaszkę","Mają blaszkę pod spodem, nie gąbkę","Od dziewczyny, która studiuje kierunek związany z biologią ","Nie, nigdy.",Zjeść grzyby kupione w sklepie.;,Nie potrafię tworzyć wizualizacji.;Nie potrafię interpretować wizualizacji.;,Nie mam żadnych umiejętności w tym zakresie.,Nie mam takich umiejętności.;,Powinna być czytelna,Najbardziej wysokość trzonu i szerokość trzonu,"Np jesli powierzchnia trzonu z gładkiej staje się błyszcząca, albo szerokość trzonu zwiększa się z 7.18 do 40.09",Informatyka Stosowana ,Nie.,,
102,1.31.24 16:47:56,1.31.24 17:09:25,anonymous,Potwierdzam.,Wyrażam zgodę.,Tak.,Zdecydowanie nisko.,Nie wiem,Nie wiem,"Raz, gdy miałem około 10 lat, pojechałem z rodzicami zbierać grzyby. Wtedy mój tata próbował przekazać mi swoją wiedzę o grzybach, niestety wiele z tego, co mi powiedział, już zapomniałem.","Tak, rzadko.",Zjeść grzyby kupione w sklepie.;,Potrafię tworzyć zaawansowane wizualizacje.;Potrafię interpretować zaawansowane wizualizacje.;,Średnio.,Kursy;,"Forma wizualizacji powinna być dostosowana do danych, wizualizacja powinna być czytelna, pozbawiona niepotrzebnych udziwnień.","Tak, wysokość trzonu w cm, średnica kapelusza w cm i szerokość tronu w mm",Nie,Informatyka stosowana,Nie.,,
103,1.31.24 17:09:02,1.31.24 17:22:37,anonymous,Potwierdzam.,Wyrażam zgodę.,Tak.,Nisko.,"Niewiem, prawdpodobnie większa szansa ze te brazowe z małymi czapkami będa jadalne niż inne","Niewiem, prawdopodobnie te z wielkimi kapeluszami lub w czerwonym kolorze bedą trujące","Z bajek, z social mediów, od rodziny","Nie, nigdy.",Zjeść grzyby kupione w sklepie.;Zjeść grzyby zebrane przez członka rodziny lub bliskiego przyjaciela.;,Potrafię tworzyć proste wizualizacje.;Potrafię interpretować proste wizualizację.;,Średnio.,Studia;,"Dane powinny być jasno przedstawione, powinny być postawione jakieś wnioski, interpretacja tych danych",Grzyby o szerszym i wyższym trzonie częściej klasyfikują się jako trujące,"Prawdopodobnie największy wpływ na klasyfikacje ma szerokość trzonu ponieważ jego wartość zmieniła się prawie 6-krotnie, również ma wpływ powierzchnia trzonu",Informatyka stosowana,Nie.,,
104,2.1.24 13:08:22,2.1.24 13:13:55,anonymous,Potwierdzam.,Wyrażam zgodę.,Tak.,Zdecydowanie nisko.,wygladaja spoko ,wygladaja dziwnie ,z wyobrazni ,"Nie, nigdy.","Zjeść grzyby, które sam/sama zebrałam/em.;Zjeść grzyby, którymi częstuje mnie obca osoba.;Zjeść grzyby zebrane przez członka rodziny lub bliskiego przyjaciela.;Zjeść grzyby kupione na targu lub na stoisku przy drodze.;Zjeść grzyby kupione w sklepie.;",Potrafię tworzyć zaawansowane wizualizacje.;Potrafię interpretować zaawansowane wizualizacje.;,Zdecydowanie wysoko.,Studia;Kursy;Praca;,"czytelnosc , musi byc zrozumiala ","wysokosc trzonu, srednica,szerokosc",wyglada nie zbyt przyjemnie ale mozliwie jest zrozumiec o co chodzi,zarzadzanie ,Nie.,,
105,2.1.24 14:17:36,2.1.24 14:35:54,anonymous,Potwierdzam.,Wyrażam zgodę.,Tak.,Średnio.,"Kształt nóżki, kolor kapelusza, dół kapelusza - czy ma blaszki czy nie, kształt kapelusza - np czy falisty jak u rydza, czy kapelusz ma lepką skórkę - jak u maślaka. Czy puszcza jakiś sok albo mleczko po naruszeniu nóżki lub kapelusza.","Kolor kapelusza, kształt kapelusza, blaszki lub ich brak (np jak u grzyba który wyglada jak rydz, brak blaszek) kolor miąższu po przekrojeniu (borowik szatański robi się niebieski po przekrojeniu)","Od starszych członków rodzin, z atlasów grzybów, z internetu - googluje najważniejsze cechy danego grzyba by się upewnić czy się nie pomyliłam, patrze też na zdjęcia które pozwalają potwierdzic czy na pewno zebrałam odpowiedniego grzyba","Tak, często.","Zjeść grzyby kupione w sklepie.;Zjeść grzyby zebrane przez członka rodziny lub bliskiego przyjaciela.;Zjeść grzyby, które sam/sama zebrałam/em.;",Potrafię interpretować zaawansowane wizualizacje.;Potrafię tworzyć proste wizualizacje.;,Średnio.,Studia;Kursy;Praca;,"Łatwość odczytania danych, przyciągająca uwagę","Wydaje mi się że ta grafika pokazuje że grzyby trujące mają wyższy trzonek oraz mniejszą średnicę kapelusza, ale nie jestem pewna",Dana grafika nie pozwala na łatwe odczytanie danych ponieważ nie pisze który z tych grzybów jest jadalny a który trujący ale można to wywnioskować zakładając że original value to grzyb jadalny. Oprócz tego jest dość przejrzysta. Wiem jakich konkretnie cech szukać: sposób przyrastają blaszek (u grzybów jadalnych nie przyrastają a u niejadalnych są przyrośnięte) oraz powierzchnia trzonu (u jadalnych gładka a u niejadalnych błyszcząca),"FIC, Filologia Angielska",Tak.,,
106,2.1.24 14:36:53,2.1.24 14:39:04,anonymous,Potwierdzam.,Wyrażam zgodę.,Tak.,Nie mam żadnej wiedzy na ten temat.,Nie wiem,Nie wiem,Nie posiadam żadnej wiedzy,"Nie, nigdy.",Zjeść grzyby kupione w sklepie.;,Potrafię tworzyć proste wizualizacje.;,Średnio.,Studia;Praca;,Przejrzystość i prostota ,Tak,Tak,Prawo,Nie.,,
107,2.1.24 14:39:51,2.1.24 14:44:16,anonymous,Potwierdzam.,Wyrażam zgodę.,Tak.,Średnio.,Nie maja pasków pod kapeluszem,"Maja paski pod kapeluszem
Są czerwone ",Z domu,"Tak, rzadko.","Zjeść grzyby kupione w sklepie.;Zjeść grzyby zebrane przez członka rodziny lub bliskiego przyjaciela.;Zjeść grzyby, które sam/sama zebrałam/em.;",Potrafię tworzyć proste wizualizacje.;Potrafię interpretować proste wizualizację.;,Średnio.,Studia;,"Przejrzysta, trafna, czytelna, zawierajace najważniejsze informacje ",Tak,Nie,"Psychologia, neurologopedia ",Tak.,,
108,2.1.24 15:00:06,2.1.24 15:08:23,anonymous,Potwierdzam.,Wyrażam zgodę.,Tak.,Zdecydowanie nisko.,Nie mają blaszek. Kurki mają blaszki ale kurki są dość charakterystyczne,Mają blaszki ale tzw. Szatany nie mają ale też nie są bardzo niebezpieczne,Ze spacerów z rodziną ,"Nie, nigdy.",Zjeść grzyby kupione w sklepie.;Zjeść grzyby zebrane przez członka rodziny lub bliskiego przyjaciela.;,Potrafię tworzyć proste wizualizacje.;Potrafię interpretować proste wizualizację.;,Średnio.,Własne zainteresowania ;,Powinna być czytelna i nie wprowadzać w błąd ,Dół wykresu jest u mnie ucięty ale wysokość trzonu,"Sposób przyrastania blaszek do trzonu, szerokość trzonu, podstawa i powierzchnia trzonu, typ hymenoforu",Filmoznawstwo i nowe media,Tak.,,
109,2.1.24 16:07:27,2.1.24 16:18:01,anonymous,Potwierdzam.,Wyrażam zgodę.,Tak.,Średnio.,Po nieciemniejącym przy dotyku kapeluszu ,Po występowaniu blaszek pod kapeluszem ,Z doświadczenia wędrowania po lesie z grzybiarzami,"Tak, rzadko.",Zjeść grzyby kupione w sklepie.;Zjeść grzyby zebrane przez członka rodziny lub bliskiego przyjaciela.;,Potrafię interpretować proste wizualizację.;Potrafię tworzyć proste wizualizacje.;,Średnio.,Studia;Kursy;,"Czytelna, przejrzysta ","Tak, gęstość blaszek, zmiana koloru, mniejsza średnica kapelusza, większa wysokość trzonu ",Nie,Zarządzanie polityką społeczną,Tak.,,
110,2.1.24 17:36:06,2.1.24 17:39:34,anonymous,Potwierdzam.,Nie wyrażam zgody.,Tak.,Zdecydowanie nisko.,nie wiem ,mają blaszki od dołu i intensywne kolory,-,"Nie, nigdy.",Zjeść grzyby kupione w sklepie.;Zjeść grzyby zebrane przez członka rodziny lub bliskiego przyjaciela.;,Potrafię interpretować proste wizualizację.;Nie potrafię tworzyć wizualizacji.;,Nisko.,Nie mam takich umiejętności.;,"rzetelna, prosta w rozumieniu, kolorowa ",wysokość trzonu ,.,psychologia,Nie.,,
111,2.2.24 5:36:26,2.2.24 5:42:07,anonymous,Potwierdzam.,Wyrażam zgodę.,Tak.,Zdecydowanie nisko.,"Po gąbce pod kapeluszem, chyba, że to kurka, kurki się nie boję pomylić",Po blaszkach pod kapeluszem,Od taty z którym w dzieciństwie zbierałam grzyby,"Nie, nigdy.",Zjeść grzyby kupione w sklepie.;,Potrafię tworzyć proste wizualizacje.;Potrafię interpretować proste wizualizację.;,Średnio.,Studia;,Czytelna,wysokość trzonu,totalnie nie widzę zmiany między oceną z jadalnego na trującego i odwrotnie ,Filmoznawstwo i wiedza o nowyc mediach,Tak.,,
113,2.2.24 10:16:55,2.2.24 10:57:44,anonymous,Potwierdzam.,Wyrażam zgodę.,Tak.,Nie mam żadnej wiedzy na ten temat.,nie wiem,nie wiem,nie mam takiej wiedzy,"Nie, nigdy.",Zjeść grzyby kupione w sklepie.;,Potrafię interpretować proste wizualizację.;Nie potrafię tworzyć wizualizacji.;,Nisko.,Nie mam takich umiejętności.;,"Powinna być jak najprostsza i czytelna, aby możliwe było szybkie wyciąganie wniosków. Odbiorca powinien szybko zrozumieć przekazywane informacje. Nie powinna budzić wątpliwości interpretacyjnych. Powinna być spójna i zawierać najistotniejsze dane. Nie powinna być ""przeładowana"" danymi. Powinna być również estetyczna graficznie.","najczęściej pojawiają się 3 pierwsze cechy, a najsilniejszy wpływ na klasyfikację grzyba jako trującego wysokość trzonu","nie jestem w stanie, nie rozumiem tej wizualizacji","Katedra Przekładoznawstwa UJ, studia podyplomowe dla tłumaczy ustnych",Tak.,,
114,2.2.24 11:13:05,2.2.24 11:20:56,anonymous,Potwierdzam.,Wyrażam zgodę.,Tak.,Średnio.,"po kolorze spodu, po plamkach na górze, czy po prostu je znam z widzenia","głównie po strukturze ich spodu, może z tego że wydzielają jakieś płyny albo są nietypowe, czasami po znajomości własnej gatunków ",głównie ze szkoły i z doświadczenia chodzenia na grzyby będąc dzieckiem z moim tatą,"Nie, nigdy.",Zjeść grzyby kupione w sklepie.;Zjeść grzyby kupione na targu lub na stoisku przy drodze.;Zjeść grzyby zebrane przez członka rodziny lub bliskiego przyjaciela.;,Potrafię tworzyć proste wizualizacje.;Potrafię interpretować proste wizualizację.;,Średnio.,Studia;Praca;,"być prosta do odczytania, odpowiednio oznaczona, dobrze pogrupowane dane","wysokośc trzonu, średnica kalepusza, szerokość trzonu, zmiana koloru i puszczanie mleczka",nie mam pojęcia na co patrze,zarządzanie mediami i reklamą ,Nie.,,
115,2.2.24 14:16:06,2.2.24 14:22:55,anonymous,Potwierdzam.,Wyrażam zgodę.,Tak.,Nisko.,kształt kolor i cechy wyróżniające,zapach,Z podstawówki i szkoły średniej,"Nie, nigdy.",Zjeść grzyby kupione w sklepie.;,Potrafię tworzyć proste wizualizacje.;Potrafię interpretować proste wizualizację.;,Nie umiem ocenić.,Studia;,"Przejrzystość, jednoznaczność, prostota","wysokośc trzonu, średnica kapelusza",nie umiem stweirdzić,Zarządzanie informacją,Nie.,,
117,2.2.24 18:32:47,2.2.24 18:41:59,anonymous,Potwierdzam.,Wyrażam zgodę.,Tak.,Średnio.,"Po budowie, smaku, wyglądzie.","Wygląd, budowa.",Ze szkół i od rodziny.,"Tak, często.","Zjeść grzyby kupione w sklepie.;Zjeść grzyby zebrane przez członka rodziny lub bliskiego przyjaciela.;Zjeść grzyby, które sam/sama zebrałam/em.;",Nie potrafię tworzyć wizualizacji.;Nie potrafię interpretować wizualizacji.;,Średnio.,Nie mam takich umiejętności.;,"Przejrzystośc, dokładność.","Tak. Cechy to: wysokość trzonu, średnica kapelusza, szerokość trzonu, zmienia kolor lub puszcza mleczko w reakcji na uszkodzenie nie zmienia koloru lub brak mleczka,  głębokość blaszek. ",Nie potrafię ocenić.,Pedagogika,Nie.,,
118,2.2.24 18:42:09,2.2.24 18:53:38,anonymous,Potwierdzam.,Wyrażam zgodę.,Tak.,Nisko.,Po kapeluszu.,Po kapeluszu.,Ze szkoły.,"Nie, nigdy.",Zjeść grzyby zebrane przez członka rodziny lub bliskiego przyjaciela.;Zjeść grzyby kupione w sklepie.;,Potrafię tworzyć proste wizualizacje.;Potrafię interpretować proste wizualizację.;,Nisko.,Szkoła;,"Legenda, odpowiednia kolorystyka i przejrzystość.","Tak. Cechy to: wysokośc kapelusza, średnica kapelusza, szerokość trzonu.",Nie jestem w stanie okreslić.,Pedagogika,Nie.,,
119,2.2.24 18:53:52,2.2.24 18:59:38,anonymous,Potwierdzam.,Wyrażam zgodę.,Tak.,Nisko.,"Kapelusz, wygląd, struktura, barwa, zapach, smak.","Kolor, budowa, smak, wygląd.","Szkoła, atlasy.","Tak, często.","Zjeść grzyby kupione w sklepie.;Zjeść grzyby kupione na targu lub na stoisku przy drodze.;Zjeść grzyby zebrane przez członka rodziny lub bliskiego przyjaciela.;Zjeść grzyby, które sam/sama zebrałam/em.;",Nie potrafię interpretować wizualizacji.;Nie potrafię tworzyć wizualizacji.;,Nisko.,Praca;Szkoła;Studia;,"Legenda, odpwowiednie oznaczenia, kolorystyka, przejrzystość, dokładne podanie danych.","Tak za pomoca kolorów. Cechy to: wysokośc trzonu, średnica kapelusza, szerokość trzonu, zmienia kolor lub puszcza mleczko w reakcji na uszkodzenie nie zmienia koloru lub brak mleczka, gestośc blaszek, sposób przyrsatania blaszek do trzonu.",Niestety nie jestem w stanie okireślić.,Pedagogika,Nie.,,
120,2.2.24 17:40:51,2.2.24 19:14:16,anonymous,Potwierdzam.,Wyrażam zgodę.,Tak.,Zdecydowanie nisko.,po gąbczastym spodzie grzyba,po blaszkach na spodzie grzyba,"od rodzicow, dziadków","Nie, nigdy.",Zjeść grzyby kupione w sklepie.;Zjeść grzyby zebrane przez członka rodziny lub bliskiego przyjaciela.;,Potrafię tworzyć proste wizualizacje.;Potrafię interpretować proste wizualizację.;,Zdecydowanie nisko.,Studia;,"czytelna,zrozumiała dla odbiorcy",wysokość trzonu,"sposob przyrastania blaszek do trzonu,podstawa trzonu,typ hymenoforu","Informatyka Stosowana 
",Nie.,,
121,2.3.24 11:21:13,2.3.24 11:24:21,anonymous,Potwierdzam.,Wyrażam zgodę.,Tak.,Wysoko.,po kapeluszu,po kapeluszu,z doświadczenia,"Tak, rzadko.","Zjeść grzyby kupione w sklepie.;Zjeść grzyby kupione na targu lub na stoisku przy drodze.;Zjeść grzyby zebrane przez członka rodziny lub bliskiego przyjaciela.;Zjeść grzyby, które sam/sama zebrałam/em.;Zjeść grzyby, którymi częstuje mnie obca osoba.;",Potrafię interpretować zaawansowane wizualizacje.;,Średnio.,Studia;Praca;,przejrzystość,parametry fizyczne,te z gwiazdką,-----,Tak.,,
122,2.3.24 17:07:23,2.3.24 17:30:43,anonymous,Potwierdzam.,Wyrażam zgodę.,Tak.,Nie umiem ocenić.,"Nie wiem, nigdy nie byłam na grzybobraniu. Po tym jak są opisane w sklepie haha",To samo co wyżej,"Nie mam zbytnio takiej wiedzy, ewentualnie od członków rodziny","Nie, nigdy.",Zjeść grzyby kupione w sklepie.;Zjeść grzyby zebrane przez członka rodziny lub bliskiego przyjaciela.;,Potrafię interpretować zaawansowane wizualizacje.;Potrafię tworzyć proste wizualizacje.;,Wysoko.,Studia;Praca;,Na pewno powinna być dobrze opisana,"Duża wysokość trzonu, raczej niska szerokość trzonu, a średnicy kapelusza to ciężko jednoznacznie zinterpretować","Powierzchnia członu z gładkiej na błyszczącą,  sposób przyrastania blaszek-> zmiana na przyrośnięte, podstawa trzony -> zmiana na bulwiasty, typ hymenoforu -> zmiana na bez zasnówki, szerokość członu z mniejszej na większą","Psychologia, kognitywistyka",Tak.,,
123,2.3.24 19:09:10,2.3.24 19:28:31,anonymous,Potwierdzam.,Nie wyrażam zgody.,Tak.,Nisko.,nie wiem,"nie wiem dokładnie, ale mają inny kształt pod spodem kapelusza","ze szkoły, podstawówki","Nie, nigdy.",Zjeść grzyby zebrane przez członka rodziny lub bliskiego przyjaciela.;Zjeść grzyby kupione w sklepie.;,Nie potrafię tworzyć wizualizacji.;Nie potrafię interpretować wizualizacji.;,Średnio.,Nie mam takich umiejętności.;,"być czytelna, minimalistyczna, stonowane kolory, prosta czcionka, zaokrąglenie liczb(by łatwiej je zapamiętać), możliwe zdjęcia poglądowe","wysokość trznonu, zmienia kolor lub...brak mleczka oraz zmienia kolor lub... puszcza mleczko, gęstosć blaszek, średnica kapelusza, zerokość trzonu","sposób przyrastania blaszek- przyrośnięte, szerokośc trzonu, podstawa trzonu, powierzchnia trzonu, typ hymenoforu",filologia hiszpańska,Nie.,,
124,2.3.24 19:27:09,2.3.24 19:37:08,anonymous,Potwierdzam.,Wyrażam zgodę.,Tak.,Zdecydowanie nisko.,"Po wygląd, tzn. Kolor i kształt grzeba","Ogolnie kolory mocny moga oznaczac zagrozenia, ale tez wygląd i kształt grzeba moze dac nam taka informacje",Tylko o słychajac o rozmowach starych ludzi o grzebobranie i przy gotowaniu. ,"Nie, nigdy.","Zjeść grzyby, którymi częstuje mnie obca osoba.;Zjeść grzyby, które sam/sama zebrałam/em.;Zjeść grzyby zebrane przez członka rodziny lub bliskiego przyjaciela.;",Potrafię interpretować zaawansowane wizualizacje.;Potrafię tworzyć proste wizualizacje.;,Średnio.,Praca;Studia;,Powinna byc przejrzysta zawierac nagłowki i legendy/labelki,"Numery 1,2, 3, 4, 5, 6, 7, 8, 18 odliczajac z góry",Nie jestem w stanie,Informatyka stosowana drugiego stopnia,Tak.,,
125,2.4.24 12:02:45,2.4.24 12:11:43,anonymous,Potwierdzam.,Wyrażam zgodę.,Tak.,Wysoko.,po tym że mają „gąbkę” pod kapeluszem zamiast blaszek,mają blaszki pod kapeluszem,w dzieciństwie często chodziłem z rodzicami na grzyby ,"Tak, rzadko.",Zjeść grzyby kupione na targu lub na stoisku przy drodze.;Zjeść grzyby kupione w sklepie.;Zjeść grzyby zebrane przez członka rodziny lub bliskiego przyjaciela.;,Potrafię tworzyć proste wizualizacje.;Potrafię interpretować zaawansowane wizualizacje.;,Średnio.,Studia;,przejrzystość ,tak średnio ,blaszki oraz podstawa trzonu ,informatyka stosowana UJ,Nie.,,
126,2.4.24 12:34:04,2.4.24 12:43:46,anonymous,Potwierdzam.,Wyrażam zgodę.,Tak.,Średnio.,Siateczka pod kapeluszem ,Blaszka pod kapeluszem,Z atlasu grzybów ,"Nie, nigdy.","Zjeść grzyby kupione w sklepie.;Zjeść grzyby zebrane przez członka rodziny lub bliskiego przyjaciela.;Zjeść grzyby, które sam/sama zebrałam/em.;",Potrafię interpretować zaawansowane wizualizacje.;Potrafię tworzyć proste wizualizacje.;,Wysoko.,Studia;,"wspieranie tezy, jasne do zinterpretowania dane","Wysokość trzonu, mała średnica kapelusza. Nie widać podpisu pod wykresem ",Nie,Informatyka stosowana ,Nie.,,
128,2.5.24 8:33:19,2.5.24 8:39:53,anonymous,Potwierdzam.,Wyrażam zgodę.,Tak.,Wysoko.,"Po ""gąbce"" na spodzie","Po ""blaszkach"" na spodzie oraz ubarwieniu","Przekazana od rodziców i dziadków, znaleziona w internecie","Tak, rzadko.","Zjeść grzyby kupione w sklepie.;Zjeść grzyby zebrane przez członka rodziny lub bliskiego przyjaciela.;Zjeść grzyby, które sam/sama zebrałam/em.;",Potrafię interpretować zaawansowane wizualizacje.;Potrafię tworzyć proste wizualizacje.;,Średnio.,Studia;Nauka własna;,"Przedstawiać dane w sposób czytelny, bez przekłamań oraz manipulacji","Wysoki trzon, mniejszy kapelusz oraz wąski trzon","Grzyby trujące mają przyrośnięte blaszki, oraz błyszczący trzon.",Informatyka Stosowana,Tak.,,
129,2.5.24 9:28:44,2.5.24 9:40:40,anonymous,Potwierdzam.,Wyrażam zgodę.,Tak.,Średnio.,Po gąbce na spodniej części kapelusza grzyba,Po blaszkach na spodniej części kapelusza grzyba,Od rodziców i atlasu grzybów ,"Tak, rzadko.","Zjeść grzyby kupione w sklepie.;Zjeść grzyby zebrane przez członka rodziny lub bliskiego przyjaciela.;Zjeść grzyby, które sam/sama zebrałam/em.;",Potrafię tworzyć zaawansowane wizualizacje.;Potrafię interpretować zaawansowane wizualizacje.;,Wysoko.,Studia;Kursy;Praca;,Czytelna grafika wraz ze zrozumiałym opisem,"Średnica kapelusza, Wysokość trzonu, szerokość trzonu","Sposób przyrządzania blaszek doctrzonu, podstawa trzonu, typ hymenoforu, szerokość trzonu, powierzchnia trzonu, podstawa trzonu",Informatyka gier komputerowych,Tak.,,
131,2.5.24 13:52:03,2.5.24 14:20:17,anonymous,Potwierdzam.,Nie wyrażam zgody.,Tak.,Średnio.,"Po spodzie grzyba, najczęściej w formie ""gąbki"", nie dotyczy to kurek, je po prostu trzeba rozpoznać wizualnie. ","Mają blaszki od spodu, a większość grzybów o nieprzyjemnym zapachu jest trująca (i na ogół są bardziej kolorowe)",Głównie z przekazów ustnych nauczona w dzieciństwie od pokolenia dziadków,"Tak, rzadko.","Zjeść grzyby kupione w sklepie.;Zjeść grzyby zebrane przez członka rodziny lub bliskiego przyjaciela.;Zjeść grzyby, które sam/sama zebrałam/em.;Zjeść grzyby kupione na targu lub na stoisku przy drodze.;",Potrafię interpretować proste wizualizację.;Potrafię tworzyć proste wizualizacje.;,Średnio.,Jestem zdolnym samoukiem;,"Przejrzystość, konkretność, pełen zakres danych","Wysokość i szerokość członu 
Mniejsza średnica kapelusza
Zmiana koloru lub mleczko w reakcji na uszkodzenie (tylko grzyby trujące)","Sposób przyrastania blaszek do trzonu (przyrośnięte oznaczają jadalne grzyby)
Szerokość trzonu dochodzącą do 40.9mm ( im szerszy trzon tym większe prawdopodobieństwo że grzyb jest jadalny), podobnie Bulwiastość trzonu
Błyszcząca powierzchnia trzonu charakteryzuje grzyby jadalne
Jadalne grzyby charakteryzują się też brakiem zasnówek na hymenoformie",Filozofia,Tak.,,
132,2.5.24 16:27:20,2.5.24 16:34:46,anonymous,Potwierdzam.,Wyrażam zgodę.,Tak.,Zdecydowanie nisko.,Nie potrafię tego poznać,Nie potrafię tego poznać,Nie posiadam takiej wiedzy,"Nie, nigdy.",Zjeść grzyby kupione w sklepie.;,Potrafię interpretować proste wizualizację.;Potrafię tworzyć proste wizualizacje.;,Średnio.,Praca;,"Dobry opis/legenda, dobrze dobrana kolorystyka, ciekawie przedstawione dane","Wysokosc trzonu, szerokosc trzonu, srednica trzonu","Szerokosc trzonu, podstawa trzonu, powierzchnia",IGK,Tak.,,
134,2.6.24 13:55:00,2.6.24 13:59:40,anonymous,Potwierdzam.,Wyrażam zgodę.,Tak.,Nie mam żadnej wiedzy na ten temat.,Nie wiem,Nie wiem,Nie mam takiej wiedzy ,"Nie, nigdy.",Nie chcę udzielać odpowiedzi.;,Potrafię tworzyć proste wizualizacje.;Potrafię interpretować proste wizualizację.;,Średnio.,Studia;,Powinna być przejrzysta i wyjaśniać wszystkie przedstawione dane.,Nie ponieważ dół jest ucięty i nie jestem w stanie przeczytać co prezentuje skala na dole.,Niestety nie.,Informatyka stosowana ,Nie.,,
135,2.6.24 17:42:50,2.6.24 17:52:26,anonymous,Potwierdzam.,Wyrażam zgodę.,Tak.,Nisko.,"„gąbkowata” spód kapelusza, nóżka","blaszki, wygląda za ładnie na jadalnego","doświadczenie zbierania, bliska osoba, przewodnik papierowy","Tak, rzadko.",Zjeść grzyby kupione w sklepie.;Zjeść grzyby kupione na targu lub na stoisku przy drodze.;Zjeść grzyby zebrane przez członka rodziny lub bliskiego przyjaciela.;,Potrafię tworzyć proste wizualizacje.;Potrafię interpretować zaawansowane wizualizacje.;,Wysoko.,Studia;,czysty wygląd i tylko niezbędne info,wysokość trzonu przede wszystkim ale też śr kapelusza i szerokość trzonu,blaszki przyrośnięte do trzowu ale przede wszystkim szerokość i wygląd trzonu,socjologia,Tak.,,
137,2.15.24 15:53:29,2.15.24 16:00:07,anonymous,Potwierdzam.,Wyrażam zgodę.,Tak.,Średnio.,"Generalizując -> miąższ to jadalne, blaszki to niejadalne. No ale wyjątkami są Kanie, czy gołąbki (nazwy potoczne)","Blaszek należy unikać, z wyjątkiem np. Kanii","Głównie od rodziców i znajomych, pochodzę ze wsi","Tak, rzadko.","Zjeść grzyby zebrane przez członka rodziny lub bliskiego przyjaciela.;Zjeść grzyby, które sam/sama zebrałam/em.;Zjeść grzyby kupione w sklepie.;",Potrafię tworzyć proste wizualizacje.;Potrafię interpretować proste wizualizację.;,Wysoko.,Studia;Praca;,"Przejrzysta, czytelna, wartościowa","1. Wysokość trzonu, 2. szerokość trzonu, 3. średnica kapelusza","Szerokość trzonu, gdyż w tym przypadku wartość ""value"" uległa największej zmianie",Zarządzanie informacją,Nie.,,
138,2.17.24 8:09:49,2.17.24 8:18:15,anonymous,Potwierdzam.,Wyrażam zgodę.,Tak.,Nisko.,Faktura przypominająca gąbkę pod kapeluszem,Posiada blaszki pod kapeluszem,Od starszych osób w rodzinie,"Nie, nigdy.",Zjeść grzyby kupione w sklepie.;Zjeść grzyby zebrane przez członka rodziny lub bliskiego przyjaciela.;,Potrafię tworzyć proste wizualizacje.;Potrafię interpretować zaawansowane wizualizacje.;,Średnio.,Studia;,"Czytelność, Odpowiednia wizualizacja dla danego problemu","wysokość-trzonu-cm, szerokość-trzonu-mm",zmiana szerokości trzonu na 40.9mm,Informatyka Stosowana,Tak.,,
139,2.20.24 22:37:17,2.20.24 22:39:39,anonymous,Potwierdzam.,Wyrażam zgodę.,Tak.,Nisko.,Po gąbkach na spodzie ,Po blaszkach na spodzie ,Od rodziny ,"Nie, nigdy.",Zjeść grzyby kupione w sklepie.;Zjeść grzyby kupione na targu lub na stoisku przy drodze.;Zjeść grzyby zebrane przez członka rodziny lub bliskiego przyjaciela.;,Potrafię tworzyć proste wizualizacje.;Potrafię interpretować proste wizualizację.;,Wysoko.,Studia;Praca;,"Jasność przekazu, przejrzystość, konkretne informacje ",Nie,Tak,Zarządzanie informacją,Tak.,,
140,2.21.24 13:07:43,2.21.24 13:29:26,anonymous,Potwierdzam.,Wyrażam zgodę.,Tak.,Średnio.,"gąbka kapelusza, kolor, wygląd ogólny, gruby trzon","blaszki kapelusza, cienki trzon, kolor,",od rodziny,"Tak, rzadko.","Zjeść grzyby kupione w sklepie.;Zjeść grzyby, które sam/sama zebrałam/em.;",Potrafię tworzyć proste wizualizacje.;Potrafię interpretować proste wizualizację.;,Średnio.,Studia;,"Jasna, zrozumiała z dobrze określonym celem i kolorystyką",Po prawej stronie najczęściej pojawia się wysokość-trzonu-cm i szerokość trzonu-cm wysokość trzonu sugeruje silny wpływ na klasyfikacje grzyba trującego,"sposób-przyrastania-blaszek-do-trzonu przyrośnięty
podstawa-trzonu bulwiasta
typ-hymenoforu bez-zasnówki",Informatyka Stosowana,Nie.,,
141,2.21.24 19:07:20,2.21.24 19:08:25,anonymous,Potwierdzam.,Wyrażam zgodę.,Tak.,Średnio.,"Nie mają ""blaszki"" pod kapeluszem, tylko taką ""gąbke"".",Po blaszce pod klapeluszem.,"Z atlasu grzybów i doświadczenia, czasem zdarza mi się chodzić na grzyby.","Tak, rzadko.","Zjeść grzyby kupione w sklepie.;Zjeść grzyby kupione na targu lub na stoisku przy drodze.;Zjeść grzyby zebrane przez członka rodziny lub bliskiego przyjaciela.;Zjeść grzyby, które sam/sama zebrałam/em.;",Potrafię tworzyć proste wizualizacje.;Potrafię interpretować proste wizualizację.;,Średnio.,Studia;,"Czytelna, prosta, zrozumiała",wykres dla mnie nie jest zbyt czytelny,niestety nie jestem,"zarządzanie informacją, filologia węgierska",Tak.,,
142,2.22.24 7:17:58,2.22.24 7:27:21,anonymous,Potwierdzam.,Wyrażam zgodę.,Tak.,Zdecydowanie nisko.,po kapeluszu ma gąbkę,Po kapeluszu ma blaszki,"Od rodziców, znajomych
","Tak, rzadko.",Zjeść grzyby kupione w sklepie.;Zjeść grzyby kupione na targu lub na stoisku przy drodze.;Zjeść grzyby zebrane przez członka rodziny lub bliskiego przyjaciela.;,Potrafię tworzyć zaawansowane wizualizacje.;Potrafię interpretować zaawansowane wizualizacje.;,Średnio.,Studia;,"czytelna, ",wysoko trzonu,nie,Zarządzanie informacją,Tak.,,
143,2.23.24 12:58:42,2.23.24 13:44:00,anonymous,Potwierdzam.,Wyrażam zgodę.,Tak.,Nisko.,"Większość grzybów, które mają blaszki na spodzie kapelusza, to grzyby jadalne. Bezpieczniej jest jednak sprawdzić w atlasie grzybów, czy w ich opisach jest informacja, że dany grzyb jest jadalny, ponieważ zdarzają się od tej zasady niebezpieczne wyjątki. Najczęściej zwraca się uwagę na takie cechy jak kolor, kształt, obecność blaszek, zapach i konsystencję.","Takie grzyby mają zazwyczaj ostrzegawczy kolor oraz nieprzyjemny smak i/lub zapach. Warto również sprawdzić, jak wygląda spód kapelusza - czy jest tam gąbka zamiast blaszek. Najlepiej byłoby jednak sprawdzić w atlasie grzybów lub zapytać kogoś, kto zna się na grzybach, ponieważ część grzybów jadalnych również może mieć cechy uznawane za typowe dla grzybów trujących lub niejadalnych.","Z atlasu grzybów, z rozmów z członkami rodziny oraz z zajęć języka polskiego w szkole podstawowej (był jeden temat o najczęściej spotykanych w polskich lasach grzybach).","Nie, nigdy.",Nie chcę udzielać odpowiedzi.;,Potrafię tworzyć proste wizualizacje.;Potrafię interpretować proste wizualizację.;,Średnio.,Studia;Praca;Zajęcia w szkole średniej;,"Powinna być dostosowana do rodzaju danych, które ma przedstawiać, oraz do docelowego odbiorcy i jego możliwości. Nie powinna też składać się ze zbyt dużej liczby elementów, aby przekaz był łatwy do zrozumienia przez docelowego odbiorcę.","Nie mam pewności, czy poprawnie odczytuję ten wykres. Po prawej stronie wykresu najczęściej pojawiają się takie cechy jak: wysokość trzonu mierzona w centymetrach, średnica kapelusza mierzona w centymetrach oraz szerokość trzonu mierzona w milimetrach. Wydaje mi się, że według wykresu tylko wysokość trzonu jednocześnie najczęściej pojawia się po prawej stronie wykresu i sugeruje silny wpływ na klasyfikację grzyba jako trującego (wartość według koloru jest wysoka, a mocne wysunięcie linii w tym kolorze na prawą stronę wskazuje na silny wpływ).","Wydaje mi się, że na zmianę klasyfikacji grzyba z trującego na jadalny lub odwrotnie największy wpływ mają: sposób przyrastania blaszek (czy są przyrośnięte), szerokość trzonu (jeśli wartość przekroczy określoną granicę) i faktura powierzchni trzonu (czy błyszcząca).",Zarządzanie informacją,Tak.,,
144,2/20/24 19:04:14,2/20/24 19:23:08,anonymous,Potwierdzam.,Wyrażam zgodę.,Tak.,Wysoko.,"Po wyglądzie całego owocnika, głównie hymenoforu","Hymenofor, zapach, budowa","Kurs grzyboznawczy, kursy uniwersytetu otwartego UW, literatura mykologiczna, indeks fungorum, publikacje w internecie","Tak, często.","Zjeść grzyby kupione w sklepie.;Zjeść grzyby kupione na targu lub na stoisku przy drodze.;Zjeść grzyby zebrane przez członka rodziny lub bliskiego przyjaciela.;Zjeść grzyby, które sam/sama zebrałam/em.;",Potrafię tworzyć proste wizualizacje.;Potrafię interpretować proste wizualizację.;,Średnio.,Studia;Praca;,Czytelna i prosta,"Wykres sugeruje ze ważny jest rozmiar trzonu i kapelusza. Ignoruje inne cechy.


 ",Nie. Nie rozumiem ani pytania ani wykresu...,Ukończyłam nauki polityczne i dziennikarstwo. Aktualnie nie studiuję,Nie.,PK_DE_06,expert
145,2/22/24 12:15:51,2/22/24 12:25:22,anonymous,Potwierdzam.,Wyrażam zgodę.,Tak.,Wysoko.,"Dużo zmiennych, głownie hymenofor, przebarwienia, zapach, środowisko.","Dużo zmiennych, głownie hymenofor, przebarwienia, zapach, środowisko.","Książki, grzyboznawcy, internet, grupy FB, YouTube","Tak, często.","Zjeść grzyby kupione na targu lub na stoisku przy drodze.;Zjeść grzyby zebrane przez członka rodziny lub bliskiego przyjaciela.;Zjeść grzyby kupione w sklepie.;Zjeść grzyby, które sam/sama zebrałam/em.;",Potrafię interpretować zaawansowane wizualizacje.;Potrafię tworzyć proste wizualizacje.;,Wysoko.,Praca;,"Prostota, jasność przekazu.","kolor kapelusza zielony, sposób przyrastania blaszek","pora roku, siedlisko, podstawa trzonu.",Zarządzanie,Tak.,PK_DE_04,expert
146,2/23/24 10:56:55,2/23/24 11:13:44,anonymous,Potwierdzam.,Wyrażam zgodę.,Tak.,Zdecydowanie wysoko.,"Konkretne gatunki grzybów rozpoznaje się po kształcie i kolorze owocników i miejscu występowania, typie hymenoforu, smaku, zapachu i mniej widocznych cechach np. faktura kapelusza, dekoracja trzonu.","Nie ma jednej cechy pozwalającej na rozpoznanie takich grzybów, można jednak założyć, że grzyby które mają bardzo nieprzyjemny smak i zapach nie będą się nadawać do jedzenia, przynajmniej bez specjalnej obróbki. Za  niejadalne można też uznać grzyby o bardzo twardej strukturze, np. niektóre huby, albo niewielkich rozmiarach nie pozwalających na zbiór w celach konsumpcyjnych.","Atlasy książkowe i internetowe, monografie i inne publikacje naukowe, grupy i fora internetowe i inne metody kontaktu z ekspertami","Tak, często.","Zjeść grzyby zebrane przez członka rodziny lub bliskiego przyjaciela.;Zjeść grzyby, które sam/sama zebrałam/em.;Zjeść grzyby kupione na targu lub na stoisku przy drodze.;",Potrafię tworzyć proste wizualizacje.;Potrafię interpretować proste wizualizację.;,Średnio.,Studia;,"Przejrzystość, brak stronniczości (np. zaznaczanie na czerwono cech które uważa się za negatywne), wyraźne zaznaczenie skali, wyraźnie oznaczone danych","Tak, wysokość trzonu w centymetrach, średnica kapelusza w centymetrach i szerokość trzonu w milimetrach",Nie jestem w stanie stwierdzić,Ukończyłem technologię chemiczną,Tak.,PK_DE_07,expert
147,2/23/24 15:55:38,2/23/24 16:43:40,anonymous,Potwierdzam.,Wyrażam zgodę.,Tak.,Wysoko.,"Do identyfikacji niezbędna jest ocena całościowa budowy grzyba (trzonu, kapelusza, hymenoforu, czy też elementów dodatkowych jak pierścień czy pochwa), ponadto znaczenia ma również habitat czy pora występowania. Nie istnieje jeden uniwersalny sposób na rozpoznanie wszystkich dziko rosnących gatunków. ","Do identyfikacji niezbędna jest ocena całościowa budowy grzyba (trzonu, kapelusza, hymenoforu, czy też elementów dodatkowych jak pierścień czy pochwa), ponadto znaczenia ma również habitat czy pora występowania. Nie istnieje jeden uniwersalny sposób na rozpoznanie wszystkich dziko rosnących gatunków. ",Atlasy grzybów oraz grupy tematyczne funkcjonujące w mediach społecznościowych ,"Tak, często.","Zjeść grzyby zebrane przez członka rodziny lub bliskiego przyjaciela.;Zjeść grzyby, które sam/sama zebrałam/em.;",Potrafię tworzyć proste wizualizacje.;Potrafię interpretować proste wizualizację.;,Nie umiem ocenić.,Studia;,"Możliwie przejrzyste przedstawienie danych, z właściwym ich uporządkowaniem. ","Najważniejsze znaczenie wydaje się mieć szerokość trzonu o najwyższym SHAP value, wysokość trzonu wyrażona w centymetrach wydaje się mieć znaczenie jedynie w przypadku wysokich wartości tej cechy.  ",Niestety na podstawie powyższej grafiki nie jestem w stanie stwierdzić jakie cechy wpływają na klasyfikację grzyba z trującego na jadalny. ,"ukończone kierunki: ratownictwo medyczne, pielęgniarstwo,  bezpieczeństwo wewnętrzne 
aktualnie: studia doktoranckie w SDNMiNoZ UJ CM",Tak.,PK_DE_05,expert
148,2/27/24 18:36:43,2/27/24 18:49:37,anonymous,Potwierdzam.,Wyrażam zgodę.,Tak.,Zdecydowanie wysoko.,"Każdy  gatunek  ma swoje cechy takie jak  zapach  , rodzaj trzonu oraz jego ubarwienie  , sposób przyrastania  hymenoforu oraz  cechy organoleptyczne .","Każdy  gatunek  ma swoje cechy takie jak  zapach  , rodzaj trzonu oraz jego ubarwienie  , sposób przyrastania  hymenoforu .","Jestem grzyboznawcą , atlasy , dużo czytam   , grzybami interesuję  się od najmłodszych lat , oraz jestem  częstym bywalcem lasów .","Tak, często.",Zjeść grzyby kupione w sklepie.;Zjeść grzyby zebrane przez członka rodziny lub bliskiego przyjaciela.;,Potrafię tworzyć proste wizualizacje.;Potrafię interpretować proste wizualizację.;,Zdecydowanie wysoko.,Samouczek;,Zawierać  najważniejsze  znaczące  cechy.(Klucze),"I tak i nie  ponieważ  , wiele  zależy od miejsca  występowania  danego gatunku . Czyli  wilgotności  , nasłonecznienia  , strony  świata  ,  roślinności  w miejscu występowania itp. ","Wstępnie tak , ale potrzebna  jest analiza  wzrokowa danego owocnika.",Zakończyłem  edukację,Tak.,PK_DE_08,expert
149,2/28/24 16:02:43,2/28/24 16:14:53,anonymous,Potwierdzam.,Wyrażam zgodę.,Tak.,Zdecydowanie wysoko.,"Po jego budowie , zapachu , kolorze , smaku",Po jego budowie,"Atlasy grzybów , internet. ","Tak, często.","Zjeść grzyby, które sam/sama zebrałam/em.;Zjeść grzyby kupione w sklepie.;Zjeść grzyby kupione na targu lub na stoisku przy drodze.;Zjeść grzyby zebrane przez członka rodziny lub bliskiego przyjaciela.;",Potrafię interpretować proste wizualizację.;,Średnio.,Kursy;,być zrozumiała,na podstawie wysokości trzonu czy średnicy kapelusza nie można ocenić czy grzyb jest jadalny czy trujący,nie rozumie stwierdzenia typ hynemoforu  bez zasnówki  zasnówka jest na trzonie nie na hymenoforze  ,jestem po kursie grzyboznawczym a studiach technicznych,Tak.,PK_DE_03,expert
150,2/29/24 8:33:47,2/29/24 8:58:37,anonymous,Potwierdzam.,Wyrażam zgodę.,Tak.,Wysoko.,"budowa morfologiczna grzyba: kształt kapelusza, hymenoforu, trzonu. Kolor. Czy grzyb się przebarwia, środowisko, zapach, termin owocowania","budowa morfologiczna grzyba: kształt kapelusza, hymenoforu, trzonu (szczególne zwrócenie uwagi na ewentualny pierścień, bulwę u podstawy). Kolor. Czy grzyb się przebarwia, środowisko, zapach, termin owocowania","Studia, kursy i samokształcenie","Tak, często.","Zjeść grzyby, które sam/sama zebrałam/em.;Zjeść grzyby kupione w sklepie.;",Potrafię tworzyć proste wizualizacje.;Potrafię interpretować proste wizualizację.;,Wysoko.,Nie chcę udzielać odpowiedzi.;,"jasna, czytelna, dostosowana do odbiorcy",nie,nie,Biologia,Tak.,PK_DE_09,expert
151,2/29/24 16:46:09,2/29/24 17:02:10,anonymous,Potwierdzam.,Wyrażam zgodę.,Tak.,Wysoko.,"W pierwszej kolejności po ich wyglądzie, cechach charakterystycznych jak kształt kapelusza, rodzaj hymenoforu, trzon itd. Po oznaczeniu gatunku można go zakwalifikować jako jadalny lub nie na podstawie dostępnych informacji, najczęściej w atlasach.","Tak samo jak w wypadku jadalnych - po różnych cechach wyglądu, dopiero po oznaczeniu gatunku można sprawdzić czy jest trujący lub niejadalny.","Początkowo tradycja rodzinna zbierania, później własne doświadczenia i nauka z literatury, w terenie, od specjalistów, z kursów np. mykologicznych czy grzyboznawcy.","Tak, często.","Zjeść grzyby, które sam/sama zebrałam/em.;Zjeść grzyby kupione w sklepie.;",Potrafię tworzyć proste wizualizacje.;Potrafię interpretować proste wizualizację.;,Wysoko.,Studia;Praca;,"przejrzysta, zawierająca minimalną ilość danych potrzebną dla konkretnego zagadnienia, dobrze opisane zmienne","wysokość trzonu, szerokość trzonu, średnica kapelusza","dodanie wartości  - sposobu przyrastania blaszek, typu podstawy trzonu oraz braku zasnówki, zwiększenie szerokości trzonu, zmiana powierzchni trzonu z gładkiej na błyszczącą",aktualnie nie studiuję,Tak.,PK_DE_10,expert
152,3/4/24 17:35:57,3/4/24 18:35:44,anonymous,Potwierdzam.,Wyrażam zgodę.,Tak.,Wysoko.,"- grzyby z hymenoforem gąbczastym są zasadniczo jadalne, poza gatunkami o gorzkim miąższu (które są niejadalne, lecz nie powodują zatruć)
W wypadku gatunków o hymenoforze blaszkowatym:
- owocniki duże, blaszki wolne, białe, trzon z zygzakowatym wzorem, pierścień swobodnie przesuwający się, kapelusz z  dużymi łuseczkami, podstawa trzonu bulwiasta bez pochwy (czubajki) lub
- owocniki krępe, często intensywnie barwne, blaszki białe do kremowych, miąższ łagodny i kruchy (gołąbki) lub
- owocniki krępe, miąższ łagodny i kruchy, kapelusze pomarańczowoczerwone z zielonymi przebarwieniami, mleczko czerwone lub pomarańczowe (mleczaje) lub
- owocnik krępe, białe lub z wyraźnymi, brązowymi włókienkami na kapeluszu, miąższ łagodny o zapachu migdałów, przebarwiający się na czerwono lub nieprzebarwiajacy, blaszki wolne, początkowo różowe, później brunatne do czarnych (pieczarki).","Wystrzegać należy się gatunków o hymenoforze blaszkowatym, w szczególności:
- kapelusze zielone lub oliwkowe, pierścień przyrośnięty, blaszki białe, wolne, trzon bulwiasty z pochwą lub
- kapelusz biały, pierścień przyrośnięty, blaszki białe, wolne, trzon bulwiasty z pochwą, powierzchnia tronu z zygzakowatym, białym ornamentem lub
- kapelusze czerwone, pomarańczowe, brązowe lub żółte z resztkami osłony (w postaci łatek i ""piegow""), trzon z przyrośniętym pierścieniem, blaszki białe, wolne, bulwiaste podstawy trzonów z resztkami osłony zupełnej lub
- owocniki krępe, brązowe, szarobrązowe, blaszki ciemne (ochrowe, brunatne), brzeg kapelusza podwinięty, blaszki zbiegające lub
wszystkie grzyby, których jadalności nie jestem pewien.","literatura mykologiczna, serwisy naukowe, kontakty z zawodowymi mykologami","Tak, często.","Zjeść grzyby, które sam/sama zebrałam/em.;",Potrafię tworzyć proste wizualizacje.;Potrafię interpretować zaawansowane wizualizacje.;,Wysoko.,Praca;,"Wyczerpujący opis (m.in. osi, symboli etc.), wyjaśnienie skrótów.","Ponieważ doczytałem to już chyba wiem (wcześniej nie miałem kontaktu z taką formą prezentacji danych): najwyższy wpływ ma cecha ""wysokość trzonu"", przy czym wysokie wartości tej zmiennej sugerują wysoki wpływ pozytywny na prognozę a niskie - wysoki negatywny; w wypadku średnicy kapelusza mamy sytuację odwrotną: wysokie wartości zmiennej mają umiarkowany wpływ negatywny.","Przykładem zmiennej powodującej zmianę w klasyfikacji jest szerokość trzonu - jej wzrost z 7 na 41 mm powoduje zmianę rozpoznania owocnika. Na podstawie powyższej grafiki trudno określić, czy jest to zmiana wystarczająca, czy model zmienia klasyfikację dopiero po zmianie drugiej cechy (jakościowej) ""powierzchnia trzonu"". Nie wiem także, jak model AI traktuje zmienne, których w pierwszym zbiorze nie zdefiniowano (na logikę, powinien zakładać najgorszą możliwą opcję, czyli wartości przypisane do kategorii ""trujący""). Przy okazji - jeśli cechy dotyczą pojedynczego owocnika to biały hymenofor i czarne zarodniki się wykluczają:D",studiowałem chemię i matematykę (ale statystykę skutecznie ominąłem),Tak.,PK_DE_13,expert
153,4/10/24 11:39:55,4/10/24 12:15:56,anonymous,Potwierdzam.,Wyrażam zgodę.,Tak.,Wysoko.,"Kombinacja cech makroskopowych, środowiskowych i mikroskopowych - analiza kluczy","Kombinacja cech makroskopowych, środowiskowych i mikroskopowych - analiza kluczy","Literatura, amatorskie badania mikroskopowe, wyprawy terenowe, fora internetowe, ","Tak, często.","Zjeść grzyby kupione w sklepie.;Zjeść grzyby zebrane przez członka rodziny lub bliskiego przyjaciela.;Zjeść grzyby, które sam/sama zebrałam/em.;",Potrafię tworzyć zaawansowane wizualizacje.;Potrafię interpretować zaawansowane wizualizacje.;,Wysoko.,Studia;,"przejrzystość, jednoznaczność, prawidłowy opis","Z wykresu wynika że długość trzonu znacząco wpływa na wartość ""grzyb trujący"". Wraz ze wzrostem długości, wzrasta prawdopodobieństwo, że gatunek jest trujący. Podobnie ze średnicą kapelusza i szerokością trzonu. Przy czym średnica wpływa na prawdopodobieństwo tego, ze grzybek jest trujący w sposób odwrotny. Czym mniejszy kapelusz tym może grzyb być trujący.","Jeśli dobrze interpretuję to modyfikacja cech: sposób przyrastania blaszek do trzonu, bulwiasta część trzonu, błyszcząca powierzchnia trzonu,  brak zasnówki oraz szerokość trzonu powodują zwiększenie prawdopodobieństwa że dany gatunek jest trujacy.",Jestem absolwentem PK na kierunku Mechanika i Budowa Maszyn oraz Automatyka i Robotyka. dodatkowo studia podyplomowe z Cyberbezpieczeństwa.,Tak.,PK_DE_02,expert
154,4/10/24 19:34:07,4/10/24 19:48:11,anonymous,Potwierdzam.,Wyrażam zgodę.,Tak.,Średnio.,Po rodzaju hymenoforu,"Po rodzaju hymenoforu (uklad blaszek), Nie ma uniwersalnych metod, w niektorych przypadkach trzeba odgarnac sciolke i zerknac na miejsce wyjscia trzonu ze sciolki","z podrcznikøw, praktyki i prelekcji","Tak, rzadko.","Zjeść grzyby kupione w sklepie.;Zjeść grzyby, które sam/sama zebrałam/em.;",Potrafię tworzyć proste wizualizacje.;Potrafię interpretować proste wizualizację.;,Średnio.,Praca;Studia;,"Powinna byç przejΩysta i czytelna, osie oznaczone, wazne dane powinny byc wyeksponowane","wysokosc trzonu, srednica kapelusza, szerokosc trzonu, kolor mleka",NIe wyglada to jak wizualizacja,Ogrodnictwo,Nie.,PK_DE_12,expert
155,4/10/24 23:08:15,4/10/24 23:39:03,anonymous,Potwierdzam.,Wyrażam zgodę.,Tak.,Wysoko.,"Rozpoznawanie dziko rosnących grzybów jadalnych wymaga dużej ostrożności i dokładnej obserwacji. Należy skupić się na kilku kluczowych aspektach:
Występowanie, wygląd owocnika ( kapelusz, trzon, hymenofor, miąższ, pierścień - obręcz na trzonie, zarodniki)

Jednak nie wszystkie grzyby o jaskrawych kolorach lub nieprzyjemnym zapachu są trujące.
Nie ma uniwersalnej reguły, która określa, czy grzyb jest jadalny.
W przypadku jakichkolwiek wątpliwości co do jadalności grzyba, lepiej go nie zbierać.","Rozpoznawanie dziko rosnących grzybów jadalnych lub trujących wymaga dużej ostrożności i dokładnej obserwacji. Należy skupić się na kilku kluczowych aspektach:
Występowanie, wygląd owocnika ( kapelusz, trzon, hymenofor, miąższ, pierścień - obręcz na trzonie, zarodniki)

Jednak nie wszystkie grzyby o jaskrawych kolorach lub nieprzyjemnym zapachu są trujące.
Nie ma uniwersalnej reguły, która określa, czy grzyb jest jadalny.
W przypadku jakichkolwiek wątpliwości co do jadalności grzyba, lepiej go nie zbierać.","z fachowej literatury, z kursu na grzyboznawcę, z wykładów na studiach i licznych odbytych kursach dotyczących dziedziny mykologii","Tak, często.","Zjeść grzyby, które sam/sama zebrałam/em.;",Potrafię tworzyć proste wizualizacje.;,Wysoko.,Praca;,"Dobrze zrobiona wizualizacja danych to taka, która jest przejrzysta, skuteczna, estetyczna i dodatkowo interaktywna, dostępna i zawiera informacje o źródle danych. Taka wizualizacja ułatwia zrozumienie danych i wyciąganie wniosków, a także zachęca do dalszej analizy.",Pierwsze trzy cechy,W mojej ocenie to nie jest wizualizacja ,nie jestem już studentem,Tak.,PK_DE_11,expert
